ticker,Industry,Market Capitalization,candle_score_rolled,candle_score
3MINDIA,DIVERSIFIED,29640.96,"[1.9749999999999996, 1.75, -0.25, 0.050000000000000044, -2.0, -1.2999999999999998]",-1.2999999999999998
63MOONS,COMPUTERS,3179.89,"[-0.375, -0.375, 0.0, 0.0, -1.5, -1.0499999999999998]",-1.0499999999999998
AARTIDRUGS,PHARMACEUTICALS,3286.19,"[0.375, 0.0, 0.0, 0.0, 0.0, 0.0]",0.0
AARTIIND,CHEMICALS,13734.079999999998,"[-0.6, -1.25, -1.825, -1.325, -1.75, -2.2]",-2.2
AARTIPHARM,PHARMACEUTICALS,6543.66,"[-0.6749999999999998, -3.375, -2.4749999999999996, -0.875, -1.55, -2.3]",-2.3
ABB,ELECTRIC EQUIPMENT,105511.25999999998,"[0.375, 0.9249999999999998, 0.375, 0.375, -1.125, -2.55]",-2.55
ABBOTINDIA,PHARMACEUTICALS,63722.83,"[0.875, -1.875, 1.6500000000000004, 3.0999999999999996, 2.5, 1.25]",1.25
ABDL,BREWERIES & DISTILLERIES,8698.99,"[1.95, 0.5499999999999998, 1.3, 0.825, -0.375, -3.2]",-3.2
ABREL,PAPER,18440.91,"[-1.2, 0.5, -0.8, -0.44999999999999996, -1.25, -2.7]",-2.7
ABSLAMC,FINANCE & INVESTMENTS,17862.94,"[1.625, 2.125, 1.325, 0.125, -3.95, -2.6999999999999997]",-2.6999999999999997
ACC,CEMENT,33958.5,"[-0.75, 0.375, -1.525, -0.7999999999999998, -0.625, -0.25]",-0.25
ACE,ENGINEERING,12501.29,"[3.075, 1.4499999999999997, -0.44999999999999996, -2.925, -1.875, -3.875]",-3.875
ACI,CHEMICALS,5897.97,"[3.075, 2.2249999999999996, 3.875, 2.125, 2.0, 0.625]",0.625
ADANIENSOL,POWER GENERATION AND SUPPLY,78798.23,"[-0.875, -0.375, -1.25, -0.7, -0.5, -0.25]",-0.25
ADANIENT,TRADING,241454.60999999996,"[-1.2999999999999998, -2.25, -1.4249999999999998, -1.125, -0.375, -0.375]",-0.375
ADANIPORTS,MISCELLANEOUS,230918.83,"[1.75, 0.125, 0.20000000000000018, -0.125, 0.25, -0.375]",-0.375
ADANIPOWER,POWER GENERATION AND SUPPLY,187582.23,"[-0.375, 0.0, 0.0, 3.0, 3.5999999999999996, 2.55]",2.55
ADFFOODS,FOOD,2556.55,"[0.6749999999999998, 0.75, 0.375, 0.375, 0.0, 0.0]",0.0
ADVENZYMES,PHARMACEUTICALS,2912.25,"[0.0, 0.0, 0.0, 0.0, -1.5, -2.55]",-2.55
AEGISLOG,TRADING,26630.390000000003,"[1.6749999999999998, 2.925, 2.175, 1.5, 2.25, 1.4249999999999998]",1.4249999999999998
AFCONS,CONSTRUCTION,15180.37,"[3.2249999999999996, 2.55, 0.5, 0.42500000000000004, -1.625, -4.3]",-4.3
AGI,PACKAGING,4084.04,"[0.0, 0.0, 0.0, 0.0, 0.0, -1.5]",-1.5
AHLUCONT,CONSTRUCTION,4307.26,"[-0.75, -1.875, -1.4249999999999998, -0.75, -0.375, -0.375]",-0.375
AIAENG,CASTINGS & FORGINGS,29739.71,"[-1.125, -0.5, -0.375, -1.0, -0.7, -1.5]",-1.5
AIIL,FINANCE & INVESTMENTS,23341.87,"[0.375, 0.4249999999999998, 0.5, 1.875, 2.425, -0.050000000000000044]",-0.050000000000000044
AJANTPHARM,PHARMACEUTICALS,31339.140000000003,"[0.5, -1.5499999999999998, -2.675, -1.6749999999999998, -0.6499999999999999, -0.15000000000000002]",-0.15000000000000002
AJMERA,CONSTRUCTION,2821.83,"[-0.75, -1.875, -1.0499999999999998, -0.75, -0.375, -1.875]",-1.875
AKUMS,PHARMACEUTICALS,7232.3,"[-1.0, -0.375, -0.875, -0.35, -0.25, -1.125]",-1.125
AKZOINDIA,PAINTS / VARNISHES,14146.209999999997,"[-0.25, 1.0, 2.2, 2.55, 1.7, -1.375]",-1.375
ALEMBICLTD,CONSTRUCTION,2325.16,"[-0.375, 0.0, 0.0, 0.0, -1.5, -2.55]",-2.55
ALKEM,PHARMACEUTICALS,54709.96,"[0.6000000000000001, -2.35, -1.8499999999999996, -2.0, 2.775, 1.7999999999999998]",1.7999999999999998
ALKYLAMINE,CHEMICALS,8125.45,"[1.45, 1.1749999999999998, -1.625, -1.125, -0.875, -1.625]",-1.625
AMBER,ELECTRONICS,19164.42,"[0.5, 3.45, 2.3499999999999996, 0.75, -1.2, -0.7999999999999998]",-0.7999999999999998
AMBUJACEM,CEMENT,114732.21,"[0.25, 0.25, 0.25, 0.0, 0.5, 1.35]",1.35
ANANDRATHI,FINANCE & INVESTMENTS,16777.45,"[4.425, 4.4, 2.675, 1.775, 0.475, 1.15]",1.15
ANANTRAJ,CONSTRUCTION,15709.88,"[0.2999999999999998, -1.0, -0.32499999999999996, -0.125, -2.75, -3.0]",-3.0
ANUP,ENGINEERING,5637.42,"[0.7, 0.5, 0.25, -0.75, -1.7, -1.2]",-1.2
APARINDS,ELECTRIC EQUIPMENT,23426.16,"[2.075, 3.3, 2.675, 0.5750000000000002, -1.2999999999999998, -2.675]",-2.675
APLAPOLLO,STEEL,39241.96,"[6.1, 5.05, 3.1, 1.5, 0.775, -0.125]",-0.125
APLLTD,PHARMACEUTICALS,14590.9,"[2.75, 0.95, -0.575, -0.32499999999999996, -1.5, -2.7]",-2.7
APOLLOHOSP,HEALTHCARE,86833.72,"[1.4249999999999998, 0.125, -1.825, -1.1749999999999998, -2.5, -1.6749999999999998]",-1.6749999999999998
APOLLOTYRE,TYRES,24070.25,"[-0.5, -1.25, -3.45, -2.25, -1.5, -0.875]",-0.875
ARE&M,AUTO ANCILLARIES,18088.46,"[4.55, 3.55, 2.125, 3.375, 2.4, -0.5]",-0.5
ARKADE,CONSTRUCTION,2541.73,"[-1.125, -0.375, -0.375, 0.0, -1.5, -1.0499999999999998]",-1.0499999999999998
ARTEMISMED,HEALTHCARE,3277.6699999999996,"[0.0, 0.0, 0.0, 0.0, 0.0, -1.5]",-1.5
ARVIND,TEXTILES,8457.78,"[0.9249999999999998, 0.75, 1.75, 1.075, 0.5, -0.75]",-0.75
ARVINDFASN,TRADING,4982.81,"[0.44999999999999996, 0.5, 0.25, 0.25, -1.0, -1.7]",-1.7
ARVSMART,CONSTRUCTION,3030.96,"[0.0, 0.0, 0.0, 0.0, 0.0, -1.5]",-1.5
ASAHIINDIA,GLASS & GLASS PRODUCTS,15147.6,"[3.1, 0.5499999999999998, 0.5750000000000002, -0.25, -3.0, -4.975]",-4.975
ASHAPURMIN,MINING / MINERALS / METALS,3293.25,"[-0.75, -0.375, 0.0, 0.0, -1.5, -1.0499999999999998]",-1.0499999999999998
ASHIANA,CONSTRUCTION,3013.71,"[-0.375, 0.0, 0.0, 0.0, 1.5, 1.0499999999999998]",1.0499999999999998
ASHOKA,ENGINEERING,4846.71,"[0.44999999999999996, 0.5, 0.25, 0.25, -1.0, -1.7]",-1.7
ASIANPAINT,PAINTS / VARNISHES,209929.99,"[1.375, 2.55, 0.2999999999999998, -1.4249999999999998, -2.05, -1.95]",-1.95
ASKAUTOLTD,AUTO ANCILLARIES,7415.539999999999,"[2.7, 2.3, 1.0, -1.875, -4.375, -3.3499999999999996]",-3.3499999999999996
ASTERDM,HEALTHCARE,19993.02,"[1.325, 0.825, -0.25, 0.8, 0.44999999999999996, 0.25]",0.25
ASTRAL,PLASTICS PRODUCTS,35680.01,"[1.625, 0.9249999999999998, 0.9, 0.475, 0.0, -1.85]",-1.85
ASTRAMICRO,TELECOMMUNICATIONS,5724.19,"[-0.75, -0.25, -0.25, 0.0, 0.0, 0.0]",0.0
ASTRAZEN,PHARMACEUTICALS,16758.26,"[-1.475, -0.75, -0.125, -0.125, 0.0, 0.0]",0.0
ATGL,MISCELLANEOUS,61578.42,"[0.9249999999999998, 0.0, -0.32499999999999996, -0.125, -0.25, -0.25]",-0.25
ATUL,CHEMICALS,15766.5,"[4.675, 1.775, 0.9500000000000002, -0.75, 0.07500000000000018, 0.575]",0.575
AURIONPRO,COMPUTERS,7167.8,"[-1.25, 2.4, 1.5999999999999996, 1.375, 0.625, -2.25]",-2.25
AUROPHARMA,PHARMACEUTICALS,62045.08,"[-2.0999999999999996, -1.625, -1.1, -2.5, -2.675, -1.9249999999999998]",-1.9249999999999998
AUTOAXLES,AUTO ANCILLARIES,2452.35,"[0.0, 0.0, 0.0, 0.0, -1.5, -1.0499999999999998]",-1.0499999999999998
AVALON,ELECTRONICS,4300.96,"[0.0, 0.0, 0.0, 1.5, 1.0499999999999998, 0.75]",0.75
AVANTEL,TELECOMMUNICATIONS,2722.58,"[0.0, 0.2999999999999998, 0.375, 0.375, 0.375, 0.0]",0.0
AVANTIFEED,FOOD,9616.9,"[2.85, 3.3499999999999996, 2.325, 1.375, 1.0, -1.25]",-1.25
AWL,SOLVENT EXTRACTION,31829.1,"[3.3, 2.075, 2.5, 1.325, -1.75, -1.5]",-1.5
AXISCADES-BE,COMPUTERS,2886.31,"[0.375, 0.0, 0.375, 0.0, 0.0, 0.0]",0.0
AZAD,ENGINEERING,7353.95,"[2.175, 1.7999999999999998, 1.125, 1.75, 1.075, -1.0]",-1.0
BAJAJ-AUTO,AUTOMOBILES,222987.21000000002,"[-0.85, -1.25, -0.825, -0.625, -1.25, -1.95]",-1.95
BAJAJHIND,SUGAR,2344.1,"[-0.375, 0.0, 0.0, 0.0, -1.5, -2.55]",-2.55
BAJAJHLDNG,FINANCE & INVESTMENTS,128418.6,"[0.7750000000000004, 0.5999999999999996, -2.25, -3.5999999999999996, 1.2000000000000002, -0.9000000000000004]",-0.9000000000000004
BALAMINES,CHEMICALS,4166.57,"[1.0499999999999998, 0.75, 0.375, 0.375, 0.0, -1.5]",-1.5
BALKRISIND,TYRES,50851.13,"[3.175, 2.375, 1.5, 1.0, 0.625, -2.5]",-2.5
BALMLAWRIE,DIVERSIFIED,2553.93,"[-0.375, -0.375, 0.0, 0.0, 0.0, -1.5]",-1.5
BALRAMCHIN,SUGAR,8890.79,"[4.3, 3.1999999999999997, 1.875, 1.25, -0.625, -2.05]",-2.05
BALUFORGE,CASTINGS & FORGINGS,5057.3,"[-0.75, -1.25, -0.95, -0.5, -1.25, -1.95]",-1.95
BANARISUG,SUGAR,4170.2,"[0.0, 0.0, 0.0, 0.0, 0.0, -1.5]",-1.5
BANCOINDIA,AUTO ANCILLARIES,4311.92,"[-0.375, 0.0, 0.0, 0.0, -1.5, -1.0499999999999998]",-1.0499999999999998
BANSALWIRE,STEEL,5269.66,"[1.0, 0.7, 0.5, 0.25, -0.75, -0.7]",-0.7
BASF,CHEMICALS,18220.23,"[1.375, 1.075, 0.875, 1.25, -1.55, -3.75]",-3.75
BATAINDIA,LEATHER / LEATHER PRODUCTS,16019.0,"[-1.1, 0.625, 2.3, 3.675, 1.025, -2.3]",-2.3
BAYERCROP,PESTICIDES / AGROCHEMICALS,20987.51,"[3.5, 3.525, 2.675, 1.75, 2.725, 1.6749999999999998]",1.6749999999999998
BBL,ELECTRIC EQUIPMENT,2789.52,"[-1.125, -0.375, -0.375, 0.0, -1.5, -2.55]",-2.55
BBOX,COMPUTERS,6314.11,"[1.7, -1.7000000000000002, -0.8249999999999997, -0.42500000000000004, -2.0, -3.025]",-3.025
BBTC,AUTO ANCILLARIES,11419.25,"[0.7, -0.5, -0.44999999999999996, -0.25, -1.25, -0.95]",-0.95
BDL,ENGINEERING,35670.19,"[0.6749999999999998, -0.625, -0.32499999999999996, 1.375, 0.7999999999999998, -1.0]",-1.0
BECTORFOOD,FOOD,8043.13,"[1.7, 2.3, 1.7, 1.125, 0.625, 0.25]",0.25
BEL,ELECTRONICS,179089.52,"[1.475, 1.2999999999999998, 0.875, 0.5, 0.375, -1.5]",-1.5
BEML,ENGINEERING,10325.72,"[-0.125, 2.325, 2.625, 2.2, 0.75, -0.125]",-0.125
BENGALASM,FINANCE & INVESTMENTS,7472.51,"[0.44999999999999996, -0.25, -0.09999999999999998, 1.0, -0.925, -0.6749999999999998]",-0.6749999999999998
BEPL,PETROCHEMICALS,2494.83,"[-0.375, 0.0, 0.0, 0.0, 0.0, 0.0]",0.0
BERGEPAINT,PAINTS / VARNISHES,56814.08,"[1.25, 0.625, 1.625, 0.7, 1.0, -0.9]",-0.9
BHAGCHEM,PESTICIDES / AGROCHEMICALS,3696.22,"[0.375, 0.0, 0.0, 0.0, 0.0, 0.0]",0.0
BHARATFORG,CASTINGS & FORGINGS,49004.08,"[2.3, 1.475, -0.75, 0.4500000000000002, 0.07499999999999996, 0.125]",0.125
BHARTIHEXA,TELECOMMUNICATIONS,64395.0,"[2.675, 0.4249999999999998, -0.7999999999999998, -1.7, 0.30000000000000004, -0.07500000000000018]",-0.07500000000000018
BIKAJI,FOOD,15443.63,"[3.425, 2.925, 1.375, 1.375, -1.125, -2.55]",-2.55
BIOCON,PHARMACEUTICALS,35982.0,"[-0.75, -1.75, -1.2999999999999998, -0.25, -0.025000000000000022, -0.125]",-0.125
BIRLACORPN,CEMENT,7436.88,"[2.825, 2.3499999999999996, 0.5, -0.19999999999999996, -0.09999999999999998, -0.5]",-0.5
BLACKBUCK,MISCELLANEOUS,7320.339999999999,"[-2.075, -1.125, -1.0, -0.6, -1.25, -0.825]",-0.825
BLS,COMPUTERS,14046.540000000003,"[1.25, 1.0499999999999998, 0.75, -2.125, -1.375, -1.25]",-1.25
BLUEDART,COURIERS,14200.61,"[2.3, 1.7999999999999998, 1.125, -0.75, -1.6749999999999998, -2.95]",-2.95
BLUEJET,PHARMACEUTICALS,12982.12,"[1.4749999999999996, 0.375, -0.2999999999999998, 2.5, 1.375, -1.625]",-1.625
BLUESTARCO,AIR-CONDITIONERS,40055.79,"[-0.775, -0.125, 0.125, 0.125, 3.0, 3.5999999999999996]",3.5999999999999996
BOMDYEING,TEXTILES,2602.29,"[0.6749999999999998, 0.75, 0.375, 0.375, -1.5, -2.55]",-2.55
BONDADA,ENGINEERING,3787.3599999999997,"[0.0, 0.2999999999999998, 0.375, 0.375, -1.125, -2.55]",-2.55
BOROLTD,GLASS & GLASS PRODUCTS,3607.12,"[-0.75, -0.375, -0.375, 0.0, 0.0, 0.0]",0.0
BORORENEW-BE,GLASS & GLASS PRODUCTS,6593.65,"[3.925, 2.0749999999999997, 1.775, 1.5, 0.10000000000000009, -2.575]",-2.575
BOSCHLTD,AUTO ANCILLARIES,77902.29,"[1.95, 1.45, 0.0, 0.8, 0.44999999999999996, 0.25]",0.25
BPCL,REFINERIES,103299.81,"[4.075, -0.025000000000000355, -1.4749999999999996, -1.5499999999999998, -1.75, -1.825]",-1.825
BRIGADE,CONSTRUCTION,23178.89,"[1.95, 1.2999999999999998, 1.0, -0.875, 0.8250000000000002, -2.2]",-2.2
BRITANNIA,FOOD,111872.51999999999,"[-0.625, -0.25, -0.625, 0.0, 0.0, 0.0]",0.0
BSE,MISCELLANEOUS,63260.69,"[4.225, 3.75, 2.35, 0.125, -4.8, -5.275]",-5.275
BSOFT,COMPUTERS,11896.04,"[0.275, 1.45, 2.575, 0.17499999999999982, -0.7999999999999998, -0.825]",-0.825
CAMLINFINE,CHEMICALS,2625.24,"[1.0499999999999998, 1.125, 0.375, -1.125, -1.0499999999999998, -0.75]",-0.75
CAMPUS,LEATHER / LEATHER PRODUCTS,7796.83,"[-0.375, 0.375, 2.625, 0.5999999999999996, -2.05, -1.75]",-1.75
CAMS,MISCELLANEOUS,15495.59,"[1.825, 1.325, 0.75, -0.5, -1.45, -3.7]",-3.7
CAPACITE,CONSTRUCTION,2537.28,"[-1.125, -1.875, -1.4249999999999998, -0.75, -1.875, -1.4249999999999998]",-1.4249999999999998
CAPLIPOINT,PHARMACEUTICALS,13856.95,"[1.5, 1.625, 0.625, 0.625, -3.0, -2.0999999999999996]",-2.0999999999999996
CARBORUNIV,ABRASIVES AND GRINDING WHEELS,15833.63,"[1.0, 1.0, -0.625, -1.9249999999999998, -1.1749999999999998, -1.125]",-1.125
CARERATING,MISCELLANEOUS,3342.0800000000004,"[-0.375, 0.0, 0.0, 0.0, 0.0, 0.0]",0.0
CARTRADE,MISCELLANEOUS,7026.69,"[-0.30000000000000004, -1.35, 0.050000000000000044, 0.32499999999999996, 0.125, 1.0]",1.0
CASTROLIND,CHEMICALS,20959.55,"[3.0, 2.4749999999999996, 1.5, 2.25, 1.7999999999999998, -1.75]",-1.75
CDSL,MISCELLANEOUS,23137.36,"[1.075, 3.475, 0.3999999999999999, 0.3250000000000002, -3.125, -3.4749999999999996]",-3.4749999999999996
CEATLTD,TYRES,10317.59,"[2.5, 1.575, 1.125, 1.25, -0.55, -0.5499999999999998]",-0.5499999999999998
CEIGALL,CONSTRUCTION,4481.4,"[-1.0, 0.5, 0.44999999999999996, 0.5, 0.25, 0.25]",0.25
CEINSYSTECH,COMPUTERS,2452.23,"[-0.75, -1.875, -2.925, -1.7999999999999998, -1.125, -2.25]",-2.25
CELLO,TRADING,12305.54,"[-0.9249999999999998, -0.375, -1.625, -2.075, -1.2, -0.75]",-0.75
CERA,CERAMICS,6921.08,"[0.5499999999999998, -1.1, -2.425, -2.55, -1.95, -1.25]",-1.25
CESC,POWER GENERATION AND SUPPLY,17225.8,"[5.55, 3.925, 2.75, 0.375, 0.30000000000000004, -1.5]",-1.5
CGPOWER,ELECTRIC EQUIPMENT,87030.9,"[3.0, 2.375, 2.625, 1.325, -1.875, -3.3499999999999996]",-3.3499999999999996
CHALET,HOTELS,15231.820000000002,"[2.05, 2.5, 0.6749999999999998, 1.425, 1.575, -0.17500000000000004]",-0.17500000000000004
CHAMBLFERT,FERTILIZERS,21657.31,"[2.4, 0.47499999999999964, -1.1749999999999998, 1.8250000000000002, 1.7249999999999996, -0.75]",-0.75
CHENNPETRO,REFINERIES,6823.839999999999,"[1.75, 4.125, 2.375, -0.625, -3.625, -2.375]",-2.375
CHOICEIN,FINANCE & INVESTMENTS,9188.36,"[2.0, -0.10000000000000009, -1.0499999999999998, -0.95, -0.375, -1.625]",-1.625
CIEINDIA,CASTINGS & FORGINGS,14220.38,"[3.45, 1.0999999999999996, -0.7999999999999998, -0.7999999999999998, -0.375, -1.75]",-1.75
CIGNITITEC,COMPUTERS,3609.0700000000006,"[0.0, 0.0, 0.0, 0.0, 0.0, 0.0]",0.0
CIPLA,PHARMACEUTICALS,115569.68999999999,"[0.30000000000000004, 0.19999999999999996, 0.25, -1.5, -3.3, -2.5]",-2.5
CMSINFO,MISCELLANEOUS,7381.55,"[1.15, 2.125, 1.2, -1.5, -4.0, -0.25]",-0.25
COALINDIA,MINING / MINERALS / METALS,227065.72000000003,"[2.55, 3.55, 2.175, -1.0, -0.5, 2.475]",2.475
COCHINSHIP,MISCELLANEOUS,33300.74,"[2.0999999999999996, 4.5, 3.2249999999999996, 2.75, -0.3999999999999999, -0.04999999999999982]",-0.04999999999999982
COFORGE,COMPUTERS,48899.69,"[1.25, -1.9500000000000002, 1.6500000000000004, 0.9749999999999996, -0.375, -4.05]",-4.05
COLPAL,PERSONAL CARE,67451.09,"[1.5, 1.0499999999999998, 0.75, 0.375, -0.125, -0.35]",-0.35
CONCOR,MISCELLANEOUS,38071.74,"[-0.4500000000000002, 0.4, -0.625, 0.25, -3.125, -2.0999999999999996]",-2.0999999999999996
CONCORDBIO,PHARMACEUTICALS,15816.39,"[-0.625, -1.625, 0.4500000000000002, 0.2999999999999998, -1.125, -2.05]",-2.05
COROMANDEL,FERTILIZERS,48201.64,"[-0.4, -1.5, -0.7999999999999998, 0.875, 0.6749999999999998, 0.375]",0.375
CRAFTSMAN,AUTO ANCILLARIES,10161.69,"[0.44999999999999996, 0.5, 0.25, 1.75, 2.05, 2.45]",2.45
CRISIL,MISCELLANEOUS,32177.080000000005,"[-1.9249999999999998, -1.475, -0.625, -1.5, 0.17500000000000004, 0.19999999999999996]",0.19999999999999996
CROMPTON,ELECTRIC EQUIPMENT,20744.85,"[0.6, 0.375, -0.25, -0.725, -0.6, -0.375, 1.25, 2.425, 1.7999999999999998, 1.125, 0.75, 0.375, -3.0, -5.1, -5.1, -4.8]",-4.8
CUMMINSIND,ENGINES,75430.24,"[0.3999999999999999, 2.175, 1.6749999999999998, 0.0, 0.55, -1.275]",-1.275
CYIENT,COMPUTERS,13944.920000000002,"[-1.7000000000000002, -3.5, -2.625, -1.5, -2.25, -1.325]",-1.325
CYIENTDLM,ELECTRONICS,3136.16,"[-0.375, -0.375, 0.0, 0.0, 0.0, -1.5]",-1.5
DABUR,PERSONAL CARE,87313.27,"[-2.25, -0.5, -0.17500000000000004, 0.875, 0.95, -0.75]",-0.75
DALBHARAT,CEMENT,31384.330000000005,"[-0.5, -2.25, -2.15, -1.35, -0.75, -0.625]",-0.625
DATAMATICS,COMPUTERS,3349.19,"[-0.75, -0.375, -0.375, 0.0, 0.0, 0.0]",0.0
DATAPATTNS,ELECTRONICS,8060.520000000001,"[2.125, 0.04999999999999982, 1.4500000000000002, 1.2999999999999998, 0.75, -1.5]",-1.5
DBCORP,ENTERTAINMENT / ELECTRONIC MEDIA SOFTWARE,3580.5100000000007,"[0.0, 0.0, 0.0, 1.5, 1.0499999999999998, -0.75]",-0.75
DBL,CONSTRUCTION,5972.84,"[1.9249999999999998, 1.7, 0.75, 0.625, -2.25, -1.75]",-1.75
DBREALTY,CONSTRUCTION,6623.1,"[2.175, 1.7999999999999998, -0.375, -1.7999999999999998, -4.425, -1.7249999999999996]",-1.7249999999999996
DCMSHRIRAM,DIVERSIFIED,14345.15,"[0.0, -1.25, -1.7, -1.2, -0.75, -1.5]",-1.5
DCXINDIA,ELECTRONICS,2581.41,"[0.6749999999999998, 0.75, 0.375, 0.375, -1.5, -2.55]",-2.55
DEEPAKFERT,CHEMICALS,11913.68,"[1.25, 2.55, 1.7999999999999998, 1.125, -1.75, -3.875]",-3.875
DEEPAKNTR,CHEMICALS,25146.76,"[3.325, 2.5, 4.25, 2.625, 1.875, 0.625]",0.625
DEEPINDS,OIL DRILLING / ALLIED SERVICES,2802.88,"[1.125, -0.4500000000000002, -0.2999999999999998, -0.375, -1.5, -2.925]",-2.925
DELHIVERY,MISCELLANEOUS,18431.36,"[0.9249999999999998, 0.9, -1.125, -2.3, -4.925, -3.2249999999999996]",-3.2249999999999996
DHANI,FINANCE & INVESTMENTS,3480.0,"[2.175, 1.7999999999999998, 1.125, -0.75, -0.6749999999999998, -0.75]",-0.75
DHANUKA,PESTICIDES / AGROCHEMICALS,5581.12,"[0.0, 0.0, 0.0, 0.0, -1.0, -1.7]",-1.7
DIAMONDYD,FOOD,2584.53,"[-0.375, 0.0, 0.0, 0.0, 0.0, 0.0]",0.0
DIVISLAB,PHARMACEUTICALS,143353.04,"[1.325, -1.7000000000000002, -2.3499999999999996, -1.575, -2.375, -3.05]",-3.05
DIXON,ELECTRONICS,82263.76,"[0.875, 0.04999999999999982, 0.050000000000000044, -0.125, -0.875, -3.45]",-3.45
DLF,CONSTRUCTION,155449.58,"[1.75, 0.25, -0.07499999999999996, -2.875, -2.3499999999999996, -2.75]",-2.75
DMART,TRADING,224102.71000000002,"[-1.375, -0.95, -1.0, -1.6, -1.2, -0.625]",-0.625
DODLA,FOOD,5840.32,"[0.0, 0.0, 0.0, 0.0, 0.0, -1.0]",-1.0
DOMS,PRINTING & STATIONERY,14662.64,"[-1.25, -1.2, -0.85, -0.5, -0.375, -0.125]",-0.125
DPABHUSHAN,DIAMOND CUTTING / JEWELLERY,3158.63,"[0.0, 0.0, 0.0, 0.0, -1.5, -1.0499999999999998]",-1.0499999999999998
DRREDDY,PHARMACEUTICALS,93512.0,"[-2.125, -3.125, -1.6749999999999998, -2.875, -1.4249999999999998, -1.125]",-1.125
E2E,COMPUTERS,3595.8599999999997,"[1.5, 1.0499999999999998, -0.75, -0.6749999999999998, -1.875, -1.4249999999999998]",-1.4249999999999998
EASEMYTRIP,TRAVEL AGENCIES,4203.24,"[0.0, 0.0, 0.0, 0.0, 0.0, 0.0]",0.0
ECLERX,COMPUTERS,13981.780000000002,"[2.3, 1.5499999999999998, -0.375, -1.7999999999999998, -3.425, -3.525]",-3.525
EICHERMOT,AUTOMOBILES,130843.7,"[1.95, 2.425, 4.075, 2.875, 0.875, -2.325]",-2.325
EIDPARRY,SUGAR,11856.5,"[-0.17499999999999982, -1.0750000000000002, -0.32499999999999996, -2.0, -0.9249999999999998, -2.5]",-2.5
EIHOTEL,HOTELS,19745.89,"[-0.125, -1.875, -1.0499999999999998, 1.25, 2.525, 1.6749999999999998]",1.6749999999999998
ELECON,ENGINEERING,9394.53,"[1.0499999999999998, 0.95, -0.25, -1.075, -3.45, -2.5]",-2.5
ELECTCAST,CASTINGS & FORGINGS,5588.38,"[0.19999999999999996, 0.25, 0.0, 0.25, -1.0, -0.7]",-0.7
ELGIEQUIP,COMPRESSORS / DRILLING EQUIPMENT,13627.060000000001,"[0.975, 0.9249999999999998, 0.875, 0.5, -0.625, -0.7]",-0.7
EMAMILTD,PERSONAL CARE,22630.33,"[1.9749999999999996, 2.875, 1.7999999999999998, 0.0, -0.6749999999999998, -3.375]",-3.375
EMBASSY,CONSTRUCTION,34503.35,"[-1.0499999999999998, 2.25, 1.7249999999999996, -1.375, 3.0, 2.3]",2.3
EMCURE,PHARMACEUTICALS,18473.42,"[2.575, 2.825, -0.4249999999999998, 0.25, -1.55, 0.07500000000000018]",0.07500000000000018
EMIL,TRADING,4849.74,"[0.0, 0.0, 0.0, 0.0, 0.0, 0.0]",0.0
EMUDHRA,COMPUTERS,6642.37,"[3.25, 4.75, 3.25, 1.875, 2.25, 1.325]",1.325
ENDURANCE,AUTO ANCILLARIES,24953.6,"[2.8, 1.825, 1.25, 0.625, -1.75, -2.4]",-2.4
ENGINERSIN,ENGINEERING,8571.16,"[2.8499999999999996, 2.175, 1.5, 1.625, -0.775, -3.3]",-3.3
ENTERO,TRADING,5391.69,"[0.75, 0.7, 0.5, 0.25, 0.25, 0.0]",0.0
EPACK,AIR-CONDITIONERS,3468.2600000000007,"[1.125, 1.0499999999999998, 0.75, 0.375, -1.125, -1.0499999999999998]",-1.0499999999999998
EPIGRAL,CHLOR ALKALI / SODA ASH,6758.07,"[-1.125, -1.25, -0.95, -1.0, -2.1, -1.5499999999999998]",-1.5499999999999998
EPL,PACKAGING,6223.84,"[-1.7249999999999996, -0.5, -2.175, -2.0, -1.5, -2.225]",-2.225
ERIS,PHARMACEUTICALS,16070.709999999997,"[0.44999999999999996, 0.625, 0.25, -1.75, -1.4, -2.5]",-2.5
ESABINDIA,ELECTRODES,6832.969999999999,"[1.2750000000000004, 0.7249999999999996, -0.5, -1.0499999999999998, -1.5, -2.925]",-2.925
ESCORTS,AUTOMOBILES,31814.129999999997,"[2.675, 1.95, 0.0, -0.07499999999999996, -0.25, -1.75]",-1.75
ETHOSLTD,TRADING,6061.86,"[3.625, 2.625, 2.1, 1.225, 0.0, -1.95]",-1.95
EUREKAFORB,DOMESTIC APPLIANCES,9491.62,"[3.55, 2.5999999999999996, 2.625, 1.825, -1.75, -4.35]",-4.35
EXIDEIND,AUTO ANCILLARIES,29546.0,"[3.8, 1.8499999999999996, -0.32499999999999996, -0.9249999999999998, -4.1, -4.324999999999999]",-4.324999999999999
FACT,FERTILIZERS,45256.22,"[-1.05, -0.44999999999999996, 3.5, 2.3, 1.4, 0.75]",0.75
FCL,CHEMICALS,2639.16,"[0.0, 0.0, 0.0, 0.0, 0.0, -1.5]",-1.5
FDC,PHARMACEUTICALS,6046.78,"[3.925, 4.125, 3.925, 2.45, 0.0, -1.9249999999999998]",-1.9249999999999998
FIEMIND,AUTO ANCILLARIES,3587.8900000000003,"[0.0, 0.0, 0.0, 0.0, 0.0, 0.0]",0.0
FINCABLES,CABLES,12490.57,"[1.7249999999999996, 1.125, 0.75, -1.25, -3.9, -2.75]",-2.75
FINEORG,CHEMICALS,10639.13,"[0.65, 1.95, -1.5750000000000002, -1.2249999999999996, -2.375, -0.4249999999999998]",-0.4249999999999998
FINPIPE,PLASTICS PRODUCTS,10576.03,"[0.75, 1.0499999999999998, -0.75, -1.6749999999999998, -2.075, -1.575]",-1.575
FIRSTCRY,TRADING,19793.89,"[1.0, 1.0, -0.125, -0.07499999999999996, 0.125, -0.25]",-0.25
FIVESTAR,FINANCE & INVESTMENTS,21792.09,"[-0.25, 1.0, 3.45, 3.75, 4.05, 2.675]",2.675
FLUOROCHEM,CHEMICALS,39290.62,"[-1.875, -1.0, 1.875, 1.75, -0.25, -1.9249999999999998]",-1.9249999999999998
FORCEMOT,AUTOMOBILES,8725.58,"[1.25, 2.55, 1.7999999999999998, 1.125, -2.25, -3.2249999999999996]",-3.2249999999999996
FORTIS,HEALTHCARE,45742.86,"[2.875, 2.125, 1.25, 1.625, 1.325, 0.5]",0.5
FSL,COMPUTERS,24470.33,"[0.4249999999999998, 0.125, 0.875, -1.775, -1.5, -3.625]",-3.625
GABRIEL,AUTO ANCILLARIES,6611.210000000001,"[-1.5, 1.625, 3.0, 2.3, 1.375, -0.5]",-0.5
GAEL,MISCELLANEOUS,4589.03,"[-0.25, 0.0, 0.0, 0.0, 0.0, -1.0]",-1.0
GAIL,MISCELLANEOUS,101322.28,"[2.125, 0.4249999999999998, 0.925, -1.275, -0.6749999999999998, -2.375]",-2.375
GALAXYSURF,CHEMICALS,7799.88,"[0.775, -1.7000000000000002, -1.375, -1.0, -0.25, -0.625]",-0.625
GALLANTT,STEEL,7505.039999999999,"[1.125, 2.55, 1.7999999999999998, 1.125, -0.75, -1.6749999999999998]",-1.6749999999999998
GANECOS,TEXTILES,3302.66,"[0.2999999999999998, 0.375, 0.375, 0.375, 0.0, 0.0]",0.0
GANESHHOUC,CONSTRUCTION,8965.38,"[0.25, 0.575, -0.625, -1.45, -0.95, -2.25]",-2.25
GARFIBRES,TEXTILES,7663.31,"[0.050000000000000044, 2.45, 3.5, 2.3, 1.625, 1.0]",1.0
GATEWAY,MISCELLANEOUS,2975.85,"[0.0, 0.0, 0.0, -1.5, -2.55, -1.7999999999999998]",-1.7999999999999998
GENESYS,COMPUTERS,2668.2,"[-0.75, -0.375, 0.0, 1.5, 1.0499999999999998, -0.75]",-0.75
GENUSPOWER,ELECTRONICS,7693.969999999999,"[-0.4500000000000002, -1.5, -1.0499999999999998, -0.375, -0.375, -2.875]",-2.875
GESHIP,SHIPPING,11672.6,"[1.0, 0.7, 0.5, -1.25, -1.7999999999999998, -1.45]",-1.45
GHCL,CHEMICALS,5328.21,"[-0.25, 0.0, 0.0, 0.0, -1.0, -0.7]",-0.7
GICRE,FINANCE & INVESTMENTS,65535.64,"[1.2999999999999998, 0.75, 2.125, 1.4249999999999998, 0.75, -1.125]",-1.125
GILLETTE,PERSONAL CARE,25600.57,"[3.25, 2.3, 3.25, 2.05, -0.375, -2.175]",-2.175
GIPCL,POWER GENERATION AND SUPPLY,2384.42,"[2.175, 1.7999999999999998, 1.125, 0.75, 0.375, -1.5]",-1.5
GLAND,PHARMACEUTICALS,25222.67,"[2.0, 1.5, 0.625, 3.125, 2.25, 1.6]",1.6
GLAXO,PHARMACEUTICALS,42166.05,"[2.0, 1.5, 1.875, 1.0499999999999998, 2.25, -0.07500000000000018]",-0.07500000000000018
GMDCLTD,MINING / MINERALS / METALS,7617.69,"[1.0, -0.20000000000000018, 0.050000000000000044, -1.125, -3.075, -2.5]",-2.5
GMMPFAUDLR,ENGINEERING,4999.73,"[0.0, 0.0, 0.0, 0.0, 0.0, 0.0]",0.0
GNFC,CHEMICALS,6926.039999999999,"[-0.625, -1.375, -1.0499999999999998, -0.25, -3.025, -2.2249999999999996]",-2.2249999999999996
GOCOLORS,TEXTILES,3808.71,"[0.0, 0.0, 0.0, 0.0, -1.5, -1.0499999999999998]",-1.0499999999999998
GODFRYPHLP,CIGARETTES,27187.590000000004,"[-0.875, -3.55, -4.375, -2.675, -1.75, -1.0]",-1.0
GODIGIT,FINANCE & INVESTMENTS,27339.870000000003,"[0.95, -0.625, -2.3, -0.04999999999999982, -1.5750000000000002, -1.0499999999999998]",-1.0499999999999998
GODREJAGRO,FOOD,14010.12,"[1.7999999999999998, 3.425, 3.65, 2.8, 1.625, 0.375]",0.375
GODREJCP,PERSONAL CARE,104356.97,"[1.35, 1.0499999999999998, 0.625, 2.0, 1.4249999999999998, -0.75]",-0.75
GOKULAGRO,SOLVENT EXTRACTION,3818.4,"[0.0, 0.0, 0.0, 0.0, 0.0, 0.0]",0.0
GOLDIAM,DIAMOND CUTTING / JEWELLERY,3894.8200000000006,"[-1.125, -0.375, -0.375, 0.0, -1.5, -1.0499999999999998]",-1.0499999999999998
GOPAL,FOOD,3427.21,"[1.0499999999999998, 0.75, 0.375, 0.375, -1.5, -2.55]",-2.55
GPIL,STEEL,10429.35,"[-0.5, -0.4249999999999998, -0.125, -1.375, -2.075, -2.2]",-2.2
GPPL,MISCELLANEOUS,6069.6,"[0.75, -0.125, 0.4, -0.75, -1.475, -2.575]",-2.575
GRAPHITE,ELECTRODES,7622.58,"[4.375, 2.9749999999999996, 2.125, 1.375, -0.25, -0.7]",-0.7
GRASIM,TEXTILES,157633.07,"[-0.375, 0.0, -1.0, -1.7, -2.7, -2.3]",-2.3
GRAUWEIL,CHEMICALS,3905.15,"[-0.375, 0.0, -1.5, -1.0499999999999998, -0.75, -0.375]",-0.375
GRAVITA,MINING / MINERALS / METALS,11845.49,"[2.2, 2.8, 1.7, 0.125, 0.925, -1.05]",-1.05
GREENLAM,MISCELLANEOUS,5791.23,"[0.0, 0.0, -1.0, -0.7, -0.5, -0.25]",-0.25
GREENPLY,MISCELLANEOUS,3372.2,"[-0.07500000000000018, 0.375, 0.0, 0.375, 0.0, 0.0]",0.0
GRINDWELL,ABRASIVES AND GRINDING WHEELS,16033.320000000002,"[-2.175, -1.125, -2.25, 1.0750000000000002, -0.5, -1.6749999999999998]",-1.6749999999999998
GRINFRA,CONSTRUCTION,9722.39,"[5.675, 3.875, 1.0, 0.07500000000000018, -0.475, 0.875]",0.875
GRSE,MISCELLANEOUS,14431.829999999998,"[1.6749999999999998, -0.3250000000000002, 1.3250000000000002, 1.0499999999999998, 0.75, -3.0]",-3.0
GRWRHITECH,PACKAGING,8689.41,"[0.22499999999999964, 3.75, 2.0999999999999996, 0.75, -1.7999999999999998, -3.55]",-3.55
GSPL,MISCELLANEOUS,15357.84,"[3.7, 2.75, 0.75, 1.175, 0.825, 0.25]",0.25
GUFICBIO,PHARMACEUTICALS,3293.6,"[-1.5, -1.0499999999999998, -0.75, -1.875, -2.925, -1.7999999999999998]",-1.7999999999999998
GUJALKALI,CHLOR ALKALI / SODA ASH,3828.06,"[-0.375, 0.0, 0.0, 0.0, 0.0, -1.5]",-1.5
GUJGASLTD,MISCELLANEOUS,25670.03,"[4.8, 4.199999999999999, 3.075, 0.25, 0.07500000000000018, -2.0]",-2.0
GUJTHEM,PHARMACEUTICALS,2376.56,"[-1.125, -0.375, -0.375, 0.0, -1.5, -1.0499999999999998]",-1.0499999999999998
GULFOILLUB,CHEMICALS,5413.89,"[0.7, 0.5, 0.25, 0.25, 0.0, 0.0]",0.0
GVT&D,ELECTRIC EQUIPMENT,34328.64,"[-1.125, 0.75, 0.6749999999999998, 0.75, -1.125, -2.175]",-2.175
HAL,ENGINEERING,207915.49,"[-0.775, -1.125, -0.95, -1.375, -1.95, -2.45]",-2.45
HAPPSTMNDS,COMPUTERS,10557.26,"[0.5, 0.32499999999999996, 4.5, 3.55, 2.6, 0.75]",0.75
HAPPYFORGE,CASTINGS & FORGINGS,7869.229999999999,"[1.25, 0.875, -0.375, -1.075, -1.2, -0.75]",-0.75
HARSHA,AUTO ANCILLARIES,3444.2399999999993,"[1.7999999999999998, 1.4249999999999998, 0.75, 0.75, 1.875, 1.0499999999999998]",1.0499999999999998
HATHWAY,TELECOMMUNICATIONS,2334.77,"[1.0499999999999998, 0.75, 0.375, 0.375, 0.0, -1.5]",-1.5
HATSUN,FOOD,21848.24,"[-0.25, -0.25, 0.0, 2.5, 1.75, 1.25]",1.25
HAVELLS,ELECTRIC EQUIPMENT,88354.89,"[0.725, 0.9249999999999998, 0.5, 2.0, -1.5750000000000002, -1.3499999999999996]",-1.3499999999999996
HBLENGINE,AUTO ANCILLARIES,12215.95,"[2.175, 1.4249999999999998, 1.125, -0.75, -1.6749999999999998, -1.45]",-1.45
HCG,HEALTHCARE,6838.410000000001,"[1.0, 0.9249999999999998, 3.625, 2.4749999999999996, 1.875, -2.25]",-2.25
HCLTECH,COMPUTERS,427266.57999999996,"[-2.25, -0.25, -2.7, -1.625, -1.5, -1.25]",-1.25
HDFCAMC,FINANCE & INVESTMENTS,77379.06,"[3.175, 0.7749999999999999, 0.4500000000000002, -1.375, -3.425, -2.875]",-2.875
HDFCLIFE,FINANCE & INVESTMENTS,130567.48000000001,"[-0.375, 0.0, 0.0, 0.0, 0.0, -2.5]",-2.5
HEG,ELECTRODES,6665.44,"[3.075, 2.175, 1.25, -1.875, -1.375, -1.25]",-1.25
HEIDELBERG,CEMENT,4361.13,"[0.0, 0.0, 0.0, 0.0, 0.0, 0.0]",0.0
HERITGFOOD,FOOD,3369.87,"[0.0, 0.0, 0.0, 0.0, 0.0, -1.5]",-1.5
HEROMOTOCO,AUTOMOBILES,73662.93,"[-0.125, -1.0, 0.675, -2.45, -2.5999999999999996, -2.075]",-2.075
HGINFRA,CONSTRUCTION,6256.41,"[1.575, -0.3250000000000002, -0.4249999999999998, -1.625, -2.55, -2.175]",-2.175
HGS,COMPUTERS,2442.3,"[0.375, 0.0, 0.0, 0.0, -1.5, -1.0499999999999998]",-1.0499999999999998
HIKAL,PHARMACEUTICALS,4218.7,"[0.0, 0.0, 0.0, 0.0, 0.0, 0.0]",0.0
HINDALCO,ALUMINIUM AND ALUMINIUM PRODUCTS,141058.44,"[2.325, 3.05, 1.0499999999999998, -2.325, -1.8499999999999996, -2.375]",-2.375
HINDCOPPER,MINING / MINERALS / METALS,19659.49,"[1.0, 0.5499999999999998, 0.4, 0.125, -2.25, -2.875]",-2.875
HINDOILEXP,OIL DRILLING / ALLIED SERVICES,2340.08,"[0.0, 0.0, -1.5, -1.0499999999999998, -2.25, -1.4249999999999998]",-1.4249999999999998
HINDPETRO,REFINERIES,62675.06,"[2.7, -0.5750000000000002, -1.375, -3.825, -2.5, -2.125]",-2.125
HINDUNILVR,PERSONAL CARE,517802.91,"[-0.7, -0.5, -0.25, -0.25, 1.5, -0.4500000000000002]",-0.4500000000000002
HINDZINC,MINING / MINERALS / METALS,164998.68,"[2.925, 3.3, 0.6749999999999998, -1.0499999999999998, 1.9500000000000002, -1.6500000000000004]",-1.6500000000000004
HNDFDS,DIVERSIFIED,5820.35,"[0.7, 0.5, -0.75, -0.44999999999999996, -0.5, -0.25]",-0.25
HONASA,TRADING,7022.710000000001,"[1.0499999999999998, 0.75, 0.375, 0.375, 1.0, -0.8]",-0.8
HSCL,CHEMICALS,20026.16,"[1.8499999999999996, 3.125, 0.6749999999999998, -0.7, -1.1749999999999998, -3.125]",-3.125
HUBTOWN,CONSTRUCTION,2654.93,"[0.6749999999999998, 0.75, 0.375, 0.375, -1.5, -2.55]",-2.55
HYUNDAI,AUTOMOBILES,138387.88,"[1.5499999999999998, -1.5, -1.7249999999999996, 0.375, -2.2, -3.25]",-3.25
ICICIGI,FINANCE & INVESTMENTS,83229.34,"[-0.5, 1.5, -0.4500000000000002, -1.7999999999999998, -1.4249999999999998, -0.75]",-0.75
ICICIPRULI,FINANCE & INVESTMENTS,79801.06,"[0.4249999999999998, -0.875, -1.825, 0.3250000000000002, -2.45, -1.625]",-1.625
ICIL,TEXTILES,5149.42,"[0.0, 0.0, 0.0, 0.0, -1.0, -1.7]",-1.7
IEX,MISCELLANEOUS,13995.09,"[0.75, -0.07500000000000018, -1.825, -0.17499999999999982, -1.425, -1.6749999999999998]",-1.6749999999999998
IFBIND,DOMESTIC APPLIANCES,4327.55,"[-0.375, 0.0, 0.0, 0.0, -1.5, -1.0499999999999998]",-1.0499999999999998
IFCI,FINANCE,10721.01,"[2.425, 0.5499999999999998, 0.07500000000000018, 0.0, -3.0, -2.4749999999999996]",-2.4749999999999996
IGL,MISCELLANEOUS,26516.03,"[4.25, 3.0749999999999997, 1.125, 0.17500000000000004, -0.625, -2.45]",-2.45
IIFLCAPS,FINANCE & INVESTMENTS,6752.76,"[0.625, 2.2, 1.5499999999999998, 1.0, -1.875, -3.875]",-3.875
IMAGICAA,RECREATION / AMUSEMENT PARKS,3270.3,"[1.0499999999999998, 0.75, 0.375, 0.375, -1.5, -1.0499999999999998]",-1.0499999999999998
IMFA,MINING / MINERALS / METALS,3283.66,"[-0.375, 0.0, -1.5, -1.0499999999999998, -0.75, -0.375]",-0.375
INA,ELECTRIC EQUIPMENT,5728.94,"[-1.0, 0.5, 0.44999999999999996, 0.5, -0.75, -0.44999999999999996]",-0.44999999999999996
INDGN,MISCELLANEOUS,12329.06,"[-0.17500000000000004, -0.32499999999999996, -1.6, -1.95, -3.075, -0.9249999999999998]",-0.9249999999999998
INDHOTEL,HOTELS,102515.55,"[3.25, 2.675, -0.125, -1.5499999999999998, -1.4249999999999998, -2.125]",-2.125
INDIA VIX,0,0.0,"[-1.5, -2.55, -1.7999999999999998, -1.125, -0.75, -0.375]",-0.375
INDIACEM,CEMENT,7457.729999999999,"[-2.375, -2.125, -2.25, -2.325, -1.825, -0.75]",-0.75
INDIAGLYCO,BREWERIES & DISTILLERIES,3248.07,"[-1.5, -0.75, -0.375, 0.0, 0.0, -1.5]",-1.5
INDIAMART,MISCELLANEOUS,11707.13,"[-0.625, 0.0, 0.0, 0.0, -1.0, -0.7]",-0.7
INDIASHLTR,FINANCE,7834.460000000001,"[3.55, 2.5, 2.0, 1.0, 2.125, 1.0499999999999998]",1.0499999999999998
INDIGOPNTS,PAINTS / VARNISHES,4834.44,"[0.0, 0.0, 0.0, 0.0, 0.0, -1.0]",-1.0
INDRAMEDCO,HEALTHCARE,3258.49,"[-0.75, -1.875, -1.0499999999999998, -0.75, -0.375, -1.875]",-1.875
INDUSTOWER,TRANSMISSON LINE TOWERS / EQUIPMENT,87289.04,"[0.7, -0.375, -0.575, -0.25, 2.25, 0.0]",0.0
INFIBEAM,COMPUTERS,4981.41,"[-0.75, -0.25, -0.25, 0.0, -1.0, -0.7]",-0.7
INFY,COMPUTERS,705674.07,"[-1.4, -1.0, -1.5, -1.2, -0.5, -0.25]",-0.25
INGERRAND,COMPRESSORS / DRILLING EQUIPMENT,10000.6,"[3.55, 2.3, 1.475, 0.5, -1.35, -4.175]",-4.175
INNOVACAP,PHARMACEUTICALS,4113.32,"[-0.75, -1.875, -1.4249999999999998, -0.75, -0.375, -0.375]",-0.375
INOXGREEN,MISCELLANEOUS,4283.09,"[0.6749999999999998, 0.75, 0.375, 0.375, 0.0, -1.5]",-1.5
INOXINDIA,PACKAGING,8727.42,"[0.625, 0.9249999999999998, -0.25, -0.32499999999999996, 2.875, 2.3499999999999996]",2.3499999999999996
INOXWIND,ELECTRIC EQUIPMENT,19198.38,"[1.2, 1.25, -0.625, -0.17499999999999982, -2.125, -1.775]",-1.775
INTELLECT,COMPUTERS,9589.27,"[2.4499999999999997, 3.0, 1.575, 1.375, -0.75, -1.45]",-1.45
INTERARCH,STEEL,2438.78,"[-0.375, 0.0, 0.0, 0.0, 0.0, 0.0]",0.0
IOC,REFINERIES,160629.12,"[3.3, 1.5, -1.575, -1.25, -3.375, -3.625]",-3.625
IONEXCHANG,ENGINEERING,7023.13,"[0.875, 1.0499999999999998, 1.75, 1.075, 0.875, -3.25]",-3.25
IPCALAB,PHARMACEUTICALS,34359.19,"[0.525, -2.9, -3.4749999999999996, -4.05, -3.925, -2.925]",-2.925
IRB,CONSTRUCTION,26082.43,"[-0.75, 1.25, 0.7999999999999998, 0.75, -2.125, -2.375]",-2.375
IRBINVIT,CONSTRUCTION,3152.12,"[0.0, 0.0, 0.0, 0.0, 0.0, 0.0]",0.0
IRCON,CONSTRUCTION,13284.709999999997,"[1.1749999999999998, 0.04999999999999982, 0.050000000000000044, 0.25, -0.875, -3.45]",-3.45
IRCTC,TRAVEL AGENCIES,53304.0,"[0.0, 1.5, -0.4500000000000002, -1.2999999999999998, -2.075, -2.2]",-2.2
ISGEC,ENGINEERING,6869.88,"[0.44999999999999996, 0.25, 0.25, 1.75, 0.5499999999999998, -1.1]",-1.1
ITC,CIGARETTES,491803.00999999995,"[-1.0, -0.7, 1.0, 0.7999999999999998, 0.5, -2.125]",-2.125
ITDC,HOTELS,4209.58,"[-0.07500000000000018, 0.375, 0.0, 0.375, -1.5, -2.55]",-2.55
ITDCEM,CONSTRUCTION,9062.64,"[3.1, 2.2249999999999996, 0.125, -0.17499999999999982, 3.0, 1.7249999999999996]",1.7249999999999996
IWEL,POWER GENERATION AND SUPPLY,9660.61,"[1.2, 1.5499999999999998, -1.875, -1.125, -3.375, -2.875]",-2.875
IXIGO,TRAVEL AGENCIES,5202.11,"[0.0, 0.0, 0.0, 0.0, 0.0, 0.0]",0.0
JAIBALAJI,STEEL,11513.06,"[2.375, 3.55, -0.8250000000000002, -0.34999999999999964, -0.25, -1.025]",-1.025
JAMNAAUTO,AUTO ANCILLARIES,2859.91,"[-0.75, -0.375, -0.375, 0.0, 0.0, -1.5]",-1.5
JASH,ENGINEERING,3350.85,"[0.6749999999999998, -0.75, -0.6749999999999998, -0.375, 1.125, 0.6749999999999998]",0.6749999999999998
JAYNECOIND,STEEL,3107.19,"[1.125, -0.4500000000000002, -0.2999999999999998, -0.375, 0.0, -1.875]",-1.875
JBCHEPHARM,PHARMACEUTICALS,24511.09,"[0.9749999999999996, -0.75, -1.6749999999999998, -0.7, 0.125, -0.925]",-0.925
JCHAC,AIR-CONDITIONERS,4413.88,"[0.0, 0.0, 0.0, 0.0, 0.0, 0.0]",0.0
JINDALPOLY,TEXTILES,2805.22,"[0.2999999999999998, 0.375, 0.375, 0.375, -1.5, -1.0499999999999998]",-1.0499999999999998
JINDALSAW,STEEL,15741.59,"[5.375, 4.824999999999999, 3.075, 0.5, -2.425, 0.75]",0.75
JINDALSTEL,STEEL,86569.78,"[0.575, 0.5, 0.75, 0.6, 0.25, -2.375]",-2.375
JISLJALEQS,PLASTICS PRODUCTS,3747.6400000000003,"[-0.375, -1.5, -1.0499999999999998, -0.75, -1.875, -2.925]",-2.925
JKCEMENT,CEMENT,33843.85,"[-0.675, -0.25, -0.375, 0.25, 0.0, 0.0]",0.0
JKIL,CONSTRUCTION,4984.85,"[0.0, 0.0, 0.0, 0.0, 0.0, 0.0]",0.0
JKLAKSHMI,CEMENT,7955.06,"[-1.625, -1.1, -0.625, -0.125, -1.125, -2.2]",-2.2
JKPAPER,PAPER,4834.78,"[-0.7, -0.5, -0.25, -0.25, -1.0, -0.7]",-0.7
JKTYRE,TYRES,7173.88,"[1.825, 1.5, 1.125, 0.25, -2.5, -2.75]",-2.75
JLHL,HEALTHCARE,9314.32,"[-0.5, 1.5, -0.4500000000000002, -0.2999999999999998, -1.375, -2.2]",-2.2
JMFINANCIL,FINANCE & INVESTMENTS,8850.44,"[1.7249999999999996, 1.0, 0.4, 0.5, -2.625, -1.875]",-1.875
JPPOWER,POWER GENERATION AND SUPPLY,9217.89,"[1.75, 1.5, 0.625, 0.625, 0.0, 0.0]",0.0
JSL,STEEL,47502.68,"[1.5499999999999998, 1.4249999999999998, 0.75, -2.25, -3.2249999999999996, -3.55]",-3.55
JSWENERGY,POWER GENERATION AND SUPPLY,77932.94,"[1.6749999999999998, 5.55, 3.925, 2.75, -0.125, -3.05]",-3.05
JSWHL,FINANCE & INVESTMENTS,18393.81,"[1.25, 0.04999999999999982, 3.05, 3.9749999999999996, 4.525, 2.55]",2.55
JSWINFRA,MISCELLANEOUS,53550.04,"[3.075, 6.475, 4.425, 3.0, 3.25, 2.05]",2.05
JSWSTEEL,STEEL,231132.17,"[-0.375, 0.25, -2.625, -3.25, 0.7000000000000002, -0.7750000000000004]",-0.7750000000000004
JTEKTINDIA,AUTO ANCILLARIES,2903.88,"[-0.75, -0.375, 0.0, 0.0, 0.0, -1.5]",-1.5
JUBLFOOD,HOTELS,41256.93,"[2.875, 1.825, -1.75, -1.8499999999999996, -2.75, -4.3]",-4.3
JUBLINGREA,CHEMICALS,9761.57,"[1.5, 2.75, 0.17499999999999982, 1.8250000000000002, -1.8250000000000002, -2.0]",-2.0
JUBLPHARMA,PHARMACEUTICALS,14224.62,"[1.2000000000000002, -1.9500000000000002, -2.3499999999999996, -2.2, -1.875, -1.7]",-1.7
JUNIPER,HOTELS,5297.77,"[-0.25, 1.0, 0.7, 0.5, 0.25, 0.25]",0.25
JUSTDIAL,MISCELLANEOUS,7143.020000000001,"[6.0, 4.3, 2.875, -1.375, 2.4000000000000004, 0.9499999999999997]",0.9499999999999997
JWL,ENGINEERING,12244.69,"[-0.050000000000000044, 0.0, 0.0, 0.25, -1.0, -0.7]",-0.7
JYOTHYLAB,PERSONAL CARE,11848.18,"[-2.0, -1.2999999999999998, -0.75, -1.375, -1.075, -0.5]",-0.5
JYOTICNC,ENGINEERING,17236.36,"[0.17499999999999982, 2.375, -0.07500000000000018, 1.0750000000000002, -1.175, -0.5499999999999998]",-0.5499999999999998
KAJARIACER,CERAMICS,13587.570000000002,"[0.125, 3.525, 2.0999999999999996, 3.0, 2.325, 1.95]",1.95
KALYANKJIL,DIAMOND CUTTING / JEWELLERY,47213.93,"[-0.375, 0.375, -1.0, -0.7, -1.5, -0.95]",-0.95
KAMAHOLD,FINANCE & INVESTMENTS,7733.82,"[-1.35, -0.6, -0.375, -1.25, -0.825, -0.5]",-0.5
KANSAINER,PAINTS / VARNISHES,17942.67,"[2.5, 3.25, 2.3, -0.125, -1.5499999999999998, -1.4249999999999998]",-1.4249999999999998
KDDL,MISCELLANEOUS,3358.0700000000006,"[2.55, 3.3, 2.175, 1.5, 0.75, 0.375]",0.375
KEC,TRANSMISSON LINE TOWERS / EQUIPMENT,17780.77,"[1.3499999999999996, 0.5, 0.050000000000000044, 0.25, -2.75, -2.0]",-2.0
KEI,CABLES,28354.68,"[5.725, 5.375, 3.05, 2.125, -3.0, -2.425]",-2.425
KENNAMET,CASTINGS & FORGINGS,4307.73,"[0.0, 0.0, 0.0, 0.0, 0.0, 0.0]",0.0
KFINTECH,MISCELLANEOUS,15065.25,"[-0.75, 2.625, 2.0999999999999996, 1.5, -0.75, 1.2000000000000002]",1.2000000000000002
KIMS,HEALTHCARE,20523.1,"[-0.25, -0.025000000000000022, -1.25, -0.9249999999999998, -0.625, -0.375]",-0.375
KINGFA,PLASTICS PRODUCTS,3334.0800000000004,"[0.6749999999999998, 0.75, 0.375, 0.375, 0.0, 0.0]",0.0
KIOCL,MINING / MINERALS / METALS,13859.77,"[4.15, 2.0, 1.05, 0.625, 0.375, -2.75]",-2.75
KIRIINDUS,DYES AND PIGMENTS,2880.46,"[-0.375, 0.0, 0.0, 0.0, -1.5, -1.0499999999999998]",-1.0499999999999998
KIRLFER,STEEL,7325.1,"[0.2999999999999998, -0.25, -1.0, -3.325, -2.5999999999999996, -1.75]",-1.75
KIRLOSBROS,PUMPS,12823.76,"[1.3250000000000002, -1.4500000000000002, -1.0, -2.25, 1.55, 0.625]",0.625
KIRLOSENG,ENGINES,8030.339999999999,"[-2.925, -3.3, 0.3250000000000002, 1.25, 1.2, 1.75]",1.75
KIRLOSIND,FINANCE & INVESTMENTS,3333.0800000000004,"[1.0499999999999998, 0.75, -1.125, -0.6749999999999998, -2.25, -1.4249999999999998]",-1.4249999999999998
KIRLPNU,COMPRESSORS / DRILLING EQUIPMENT,6232.75,"[-1.325, 0.25, 2.7, 2.0, -1.0, -2.375]",-2.375
KITEX-BE,TEXTILES,3221.93,"[0.6749999999999998, 0.375, 0.375, 0.375, -1.5, -2.55]",-2.55
KKCL,TEXTILES,2896.4,"[0.0, -1.5, -1.0499999999999998, -0.75, -0.375, -0.375]",-0.375
KNRCON,CONSTRUCTION,6048.0,"[1.325, -0.30000000000000004, -0.2999999999999998, 1.25, -0.07500000000000018, -2.825]",-2.825
KOVAI,HEALTHCARE,6208.73,"[1.0, 0.85, 0.625, -1.875, -2.775, -4.55]",-4.55
KPEL,ENGINEERING,2500.25,"[1.5, 1.0499999999999998, 0.75, 0.375, -1.125, -1.0499999999999998]",-1.0499999999999998
KPIGREEN,CONSTRUCTION,7442.479999999999,"[0.6499999999999999, 0.0, -1.2, -0.7, -1.75, -1.2]",-1.2
KPIL,TRANSMISSON LINE TOWERS / EQUIPMENT,14712.89,"[-0.8250000000000002, -0.2999999999999998, -0.375, -1.5, -1.4249999999999998, -2.25]",-2.25
KPITTECH,COMPUTERS,33182.4,"[-0.375, -1.625, -0.7, -0.5, -1.25, -1.95]",-1.95
KPRMILL,TEXTILES,27278.49,"[1.2, 0.75, 1.5, 2.45, 2.55, 1.7]",1.7
KSB,PUMPS,11059.35,"[2.75, 2.0, 1.25, 0.625, -0.375, 0.8]",0.8
KSCL,MISCELLANEOUS,5106.07,"[0.0, 0.0, 0.0, 1.0, 0.7, 0.5]",0.5
KSL,STEEL,3164.38,"[-0.375, 0.0, 0.0, 0.0, 0.0, 0.0]",0.0
LALPATHLAB,HEALTHCARE,19432.57,"[1.5, 1.0499999999999998, 0.25, -2.975, -3.4749999999999996, -2.675]",-2.675
LATENTVIEW,COMPUTERS,7856.17,"[-0.375, 1.5, -1.4500000000000002, -1.0, -1.875, -0.95]",-0.95
LGBBROSLTD,AUTO ANCILLARIES,3785.1699999999996,"[1.5, 1.0499999999999998, 0.75, 0.375, 0.375, -1.5]",-1.5
LICI,FINANCE & INVESTMENTS,465488.2100000001,"[2.625, 2.0999999999999996, 1.5, -0.25, -2.45, -2.25]",-2.25
LINDEINDIA,CHEMICALS,50119.48,"[5.5, 4.55, 4.475, 2.925, 1.875, -1.0]",-1.0
LLOYDSENGG,ENGINEERING,6304.23,"[1.25, 0.04999999999999982, -2.45, -1.875, -1.125, -0.875]",-0.875
LLOYDSENT,TRADING,5549.0,"[0.44999999999999996, 0.5, 0.25, 0.25, 0.0, -1.0]",-1.0
LLOYDSME,MINING / MINERALS / METALS,53407.3,"[2.625, 1.75, -0.875, -2.625, -3.175, -2.425]",-2.425
LMW,TEXTILE MACHINERY,14456.85,"[1.375, 0.4249999999999998, 0.4, -1.875, 0.3500000000000001, -3.075]",-3.075
LODHA,CONSTRUCTION,115183.56000000001,"[2.05, 3.3, 2.175, 1.5, 0.75, -2.125]",-2.125
LSIND,TEXTILES,4420.65,"[-3.3, -0.6749999999999998, -0.4500000000000002, 0.0, 1.5, -0.07500000000000018]",-0.07500000000000018
LT,ENGINEERING,433475.74000000005,"[1.0499999999999998, 3.25, 0.625, 0.5750000000000002, -0.125, -1.25]",-1.25
LTFOODS,FOOD,11513.15,"[-0.17500000000000004, 0.25, 0.25, -1.75, -1.4, -2.0]",-2.0
LTTS,COMPUTERS,47696.27,"[-0.6749999999999998, 2.5, 0.5999999999999996, -1.4249999999999998, -1.0499999999999998, -0.375]",-0.375
LUMAXTECH,AUTO ANCILLARIES,3441.34,"[0.75, 0.6749999999999998, 0.375, 0.375, -1.125, -1.0499999999999998]",-1.0499999999999998
LUPIN,PHARMACEUTICALS,86277.19,"[-2.05, -2.95, -2.425, -1.725, -1.375, -0.85]",-0.85
LUXIND,TEXTILES,3849.19,"[0.75, 0.6749999999999998, 0.375, 0.375, -1.125, -1.0499999999999998]",-1.0499999999999998
LXCHEM,CHEMICALS,4858.99,"[0.0, 0.0, 0.0, 0.0, 0.0, 0.0]",0.0
M&M,AUTOMOBILES,324057.38,"[-0.17499999999999982, -1.7000000000000002, -0.7999999999999998, -0.75, 0.0, -1.875]",-1.875
MAHSCOOTER,FINANCE & INVESTMENTS,10622.57,"[3.8, 2.625, 0.75, -2.7, -0.47499999999999964, -3.7]",-3.7
MAHSEAMLES,STEEL,8147.359999999999,"[2.25, 3.5999999999999996, 2.55, 3.0, 2.175, -1.375]",-1.375
MANINFRA,CONSTRUCTION,5554.25,"[-0.25, -1.0, -0.7, -0.5, -1.25, -0.95]",-0.95
MANKIND,PHARMACEUTICALS,93112.77,"[-0.25, 0.25, 0.25, 2.5, 0.25, 0.20000000000000018]",0.20000000000000018
MANYAVAR,TEXTILES,19897.76,"[0.2999999999999998, 0.575, -0.75, -0.07499999999999996, 0.75, -0.55]",-0.55
MAPMYINDIA,COMPUTERS,9092.5,"[1.9, 0.575, -2.825, 1.1500000000000004, 1.5999999999999996, 1.2]",1.2
MARICO,SOLVENT EXTRACTION,78338.06,"[1.75, 0.25, -1.575, -0.9249999999999998, 0.5, -1.0750000000000002]",-1.0750000000000002
MARKSANS,PHARMACEUTICALS,9217.3,"[-1.5499999999999998, -2.25, -2.3, -2.825, -3.075, -2.175]",-2.175
MARUTI,AUTOMOBILES,375379.36,"[-2.3, -2.275, -1.35, -1.125, -0.625, -2.125]",-2.125
MASTEK,COMPUTERS,6829.99,"[1.625, 1.375, -1.75, -0.9749999999999996, -0.025000000000000022, -0.15000000000000002]",-0.15000000000000002
MAXHEALTH,HEALTHCARE,95352.51,"[3.875, 2.4749999999999996, -0.625, 2.0, 1.0999999999999996, -0.975]",-0.975
MAZDOCK,MISCELLANEOUS,84996.18,"[1.5499999999999998, -0.3250000000000002, 1.2000000000000002, 1.0499999999999998, 0.75, 0.0]",0.0
MBAPL,FERTILIZERS,2541.16,"[2.55, 1.7999999999999998, 1.125, 0.75, 0.375, 0.0]",0.0
MCLOUD,COMPUTERS,3189.08,"[-0.375, -0.375, 0.0, 0.0, -1.5, -1.0499999999999998]",-1.0499999999999998
MCX,MISCELLANEOUS,25644.4,"[2.05, -1.2000000000000002, -1.2249999999999996, -2.25, -2.425, -2.2]",-2.2
MEDANTA,HEALTHCARE,31044.669999999995,"[3.625, 4.175, 2.425, 1.75, -0.75, -1.6749999999999998]",-1.6749999999999998
MEDPLUS,TRADING,8606.58,"[1.4249999999999998, -1.375, -1.0, -0.875, -0.625, -0.625]",-0.625
METROPOLIS,HEALTHCARE,8025.76,"[2.875, 2.3, 2.875, 0.5499999999999998, 0.07500000000000018, -1.875]",-1.875
MFSL,FINANCE & INVESTMENTS,34552.86,"[-1.9, -1.35, -2.75, -3.525, -0.6749999999999998, -0.20000000000000018]",-0.20000000000000018
MGL,MISCELLANEOUS,12314.16,"[2.9, 2.3499999999999996, 1.625, 0.625, 0.75, -2.0]",-2.0
MIDHANI,STEEL,4538.27,"[-0.25, 0.0, 0.0, 0.0, 0.0, 0.0]",0.0
MINDACORP,AUTO ANCILLARIES,11473.45,"[1.2249999999999996, 1.25, -1.0, -1.2999999999999998, -2.45, -1.575]",-1.575
MINDSPACE,CONSTRUCTION,21708.02,"[-0.5, 1.25, -0.20000000000000018, 0.050000000000000044, -0.125, 1.625]",1.625
MMTC,TRADING,7359.0,"[0.07499999999999996, 0.625, 0.6, -2.0, -2.625, -2.825]",-2.825
MOIL,MINING / MINERALS / METALS,5889.89,"[2.0, 1.625, 0.75, 0.625, -1.5, -2.05]",-2.05
MONARCH,FINANCE & INVESTMENTS,2597.46,"[-1.125, -0.375, -0.375, 0.0, 0.0, -1.5]",-1.5
MOREPENLAB,PHARMACEUTICALS,2510.71,"[-0.375, 0.0, 0.0, 0.0, -1.5, -2.55]",-2.55
MOSCHIP,COMPUTERS,2813.61,"[-0.375, 0.0, 0.0, 0.0, -1.5, -2.55]",-2.55
MOTHERSON,AUTO ANCILLARIES,82606.11,"[0.375, -1.5, -0.6749999999999998, -1.25, -3.725, -2.7249999999999996]",-2.7249999999999996
MOTILALOFS,FINANCE & INVESTMENTS,34967.91,"[0.675, 0.32499999999999996, 0.5, 0.0, -2.25, -0.75]",-0.75
MPHASIS,COMPUTERS,42564.31,"[1.5, 1.0499999999999998, -1.75, -1.375, -1.875, -1.325]",-1.325
MPSLTD,COMPUTERS,4096.34,"[1.0499999999999998, 0.75, 0.375, -1.125, -1.0499999999999998, -0.75]",-0.75
MRPL,REFINERIES,18560.03,"[2.05, 1.7, -0.125, -0.07499999999999996, -0.25, -2.75]",-2.75
MSUMI,AUTO ANCILLARIES,20819.0,"[1.625, 1.4, -0.5, -1.0499999999999998, -1.1, -0.975]",-0.975
MTARTECH,ENGINEERING,4006.46,"[0.75, 0.6749999999999998, 0.75, 0.375, 0.375, 0.0]",0.0
NAM-INDIA,FINANCE & INVESTMENTS,32684.6,"[1.325, 1.2999999999999998, 0.75, 0.625, -0.625, -0.7]",-0.7
NATCOPHARM,PHARMACEUTICALS,13775.329999999998,"[-1.75, 0.4500000000000002, 2.8, 3.625, 2.3, 0.25]",0.25
NATIONALUM,ALUMINIUM AND ALUMINIUM PRODUCTS,32627.76,"[3.4749999999999996, 5.15, 3.5, -0.5, -1.9749999999999996, -1.575]",-1.575
NATIONSTD,CONSTRUCTION,7500.0,"[0.25, -1.625, -1.4249999999999998]",-1.4249999999999998
NAUKRI,MISCELLANEOUS,90955.12,"[2.25, 0.0, -2.8, -2.2249999999999996, -1.25, -1.125]",-1.125
NAVA,DIVERSIFIED,11393.3,"[2.8, 2.375, 1.0, 1.0, -0.5, -1.85]",-1.85
NAVNETEDUL,PRINTING & STATIONERY,3070.84,"[0.0, 0.0, 0.0, 0.0, 1.5, 1.0499999999999998]",1.0499999999999998
NAZARA,TELECOMMUNICATIONS,7781.039999999999,"[1.1749999999999998, 0.875, 0.375, 0.375, 0.0, 0.0]",0.0
NBCC,MISCELLANEOUS,19766.7,"[-0.75, -0.375, -0.375, -2.5, -2.75, -2.95]",-2.95
NCC,CONSTRUCTION,10893.13,"[2.175, 0.2999999999999998, 0.07500000000000018, 0.0, -1.0, -2.075]",-2.075
NESCO,CONSTRUCTION,6144.1,"[-0.875, -2.0, -2.425, -1.45, -0.875, -1.625]",-1.625
NESTLEIND,FOOD,213633.10999999996,"[0.75, 0.375, 1.875, 2.55, 2.8, 1.825]",1.825
NETWEB,COMPUTERS,8085.410000000001,"[4.699999999999999, 5.0, 3.175, 2.25, -1.5, -1.375]",-1.375
NETWORK18,ENTERTAINMENT / ELECTRONIC MEDIA SOFTWARE,6336.08,"[1.125, 0.25, -0.07499999999999996, 0.125, -2.75, -2.0]",-2.0
NEULANDLAB,PHARMACEUTICALS,13208.4,"[0.875, 0.75, 3.625, 2.7249999999999996, 1.5, -2.25]",-2.25
NEWGEN,COMPUTERS,13045.03,"[1.75, 0.0, 0.050000000000000044, -0.5, 0.75, 0.44999999999999996]",0.44999999999999996
NFL,FERTILIZERS,3851.0800000000004,"[0.6749999999999998, 0.75, 0.375, 0.375, -1.5, -2.55]",-2.55
NH,HEALTHCARE,29428.96,"[2.225, 1.6749999999999998, 1.25, 2.0, 1.4249999999999998, 0.75]",0.75
NHPC,POWER GENERATION AND SUPPLY,71992.66,"[4.8, 4.05, 2.725, 0.125, -2.425, -2.875]",-2.875
NIACL,FINANCE & INVESTMENTS,23418.08,"[1.1749999999999998, 1.0, 0.625, 0.375, 0.0, -2.5]",-2.5
NIFTY 50,0,0.0,"[-0.125, -0.125, 0.0, 0.0, 0.0, 0.0]",0.0
NIFTY 500,0,0.0,"[1.5, 1.0499999999999998, -0.75, -0.6749999999999998, -0.375, -0.375]",-0.375
NIFTY AUTO,0,0.0,"[-0.125, 0.0, 0.0, 0.0, 0.0, 0.0]",0.0
NIFTY BANK,0,0.0,"[0.0, -1.0, -0.7, -0.5, -0.25, -0.25]",-0.25
NIFTY COMMODITIES,0,0.0,"[2.925, 2.15, 1.375, -0.625, -0.5499999999999998, -1.25]",-1.25
NIFTY CONSUMPTION,0,0.0,"[0.0, 0.0, 0.0, 1.5, -0.4500000000000002, -0.2999999999999998]",-0.2999999999999998
NIFTY CPSE,0,0.0,"[2.55, 1.7999999999999998, -0.375, -0.2999999999999998, -0.375, -1.875]",-1.875
NIFTY ENERGY,0,0.0,"[1.0499999999999998, 2.25, -1.0750000000000002, -0.625, -0.875, -1.75]",-1.75
NIFTY FIN SERVICE,0,0.0,"[-0.4500000000000002, -1.7999999999999998, -3.425, -2.15, -1.75, -0.875]",-0.875
NIFTY FMCG,0,0.0,"[0.25, 0.25, 2.5, 1.75, 1.25, -0.875]",-0.875
NIFTY INFRA,0,0.0,"[2.0, 1.2999999999999998, -0.5, -0.6749999999999998, -0.375, -0.375]",-0.375
NIFTY IT,0,0.0,"[0.0, 0.0, 0.0, 0.0, 0.0, 0.0]",0.0
NIFTY MEDIA,0,0.0,"[1.5, 1.0499999999999998, 0.75, 0.375, -1.125, -1.0499999999999998]",-1.0499999999999998
NIFTY METAL,0,0.0,"[1.0499999999999998, 0.75, 0.375, -1.125, -1.0499999999999998, -0.75]",-0.75
NIFTY MIDCAP 100,0,0.0,"[1.0499999999999998, 0.75, 0.375, 0.375, -1.5, -1.0499999999999998]",-1.0499999999999998
NIFTY MNC,0,0.0,"[1.5, 1.0499999999999998, 0.75, 0.375, 0.375, -1.5]",-1.5
NIFTY PHARMA,0,0.0,"[0.0, 0.0, 0.0, 0.0, 0.0, 0.0]",0.0
NIFTY PSE,0,0.0,"[1.0499999999999998, 2.25, -0.07500000000000018, 0.07500000000000018, -1.875, -1.0499999999999998]",-1.0499999999999998
NIFTY PSU BANK,0,0.0,"[1.5, 1.0499999999999998, 0.75, 0.375, -1.125, -1.0499999999999998]",-1.0499999999999998
NIFTY PVT BANK,0,0.0,"[0.6749999999999998, -0.75, -0.6749999999999998, 0.625, 1.325, -0.17500000000000004]",-0.17500000000000004
NIFTY REALTY,0,0.0,"[1.0499999999999998, 0.75, 0.375, 0.375, -1.5, -1.0499999999999998]",-1.0499999999999998
NIFTY SERV SECTOR,0,0.0,"[-0.25, 0.0, 0.0, 0.0, -0.5, -0.35]",-0.35
NIFTY SMLCAP 100,0,0.0,"[1.75, 1.2999999999999998, 0.75, 0.375, 0.375, -1.5]",-1.5
NIITMTS,COMPUTERS,5555.73,"[0.0, 0.0, 0.0, -1.0, -0.7, -0.5]",-0.5
NILKAMAL,PLASTICS PRODUCTS,2380.04,"[0.0, 0.0, 0.0, 0.0, 0.0, 0.0]",0.0
NIVABUPA,FINANCE & INVESTMENTS,13297.170000000002,"[0.30000000000000004, 1.7, 1.2999999999999998, 0.75, -1.875, -1.875]",-1.875
NLCINDIA,POWER GENERATION AND SUPPLY,28585.53,"[3.0, 2.1, 1.25, -2.875, -1.9749999999999996, -0.5]",-0.5
NMDC,MINING / MINERALS / METALS,54816.94,"[3.8, 2.775, 1.875, 0.875, 0.5, -2.5]",-2.5
NOCIL,CHEMICALS,2891.74,"[-0.75, -0.375, -0.375, 0.0, 0.0, -1.5]",-1.5
NTPC,POWER GENERATION AND SUPPLY,300111.8,"[5.3, 3.4749999999999996, 2.5, 1.125, 0.75, -2.5]",-2.5
NUVOCO,CEMENT,11173.63,"[0.0, 1.875, 0.04999999999999982, 0.050000000000000044, -1.125, -0.575]",-0.575
NYKAA,TRADING,45001.59,"[-1.5, -1.6749999999999998, -1.825, -0.875, -1.625, -0.95]",-0.95
OBEROIRLTY,CONSTRUCTION,53195.11,"[3.45, 1.2999999999999998, 0.8, -0.875, -3.075, -2.5]",-2.5
OFSS,COMPUTERS,67138.15,"[-0.25, -2.575, -2.0, -0.875, -1.875, -2.325]",-2.325
OIL,OIL DRILLING / ALLIED SERVICES,56272.509999999995,"[1.875, 0.25, -0.7999999999999998, -1.825, -1.95, -2.825]",-2.825
OLAELEC,AUTOMOBILES,24682.95,"[2.2, 1.7999999999999998, 1.0, 0.625, -2.125, -1.75]",-1.75
OLECTRA,AUTOMOBILES,8863.95,"[1.45, 1.2999999999999998, 0.75, 0.625, 0.375, -3.0]",-3.0
ONGC,OIL DRILLING / ALLIED SERVICES,282490.22,"[2.05, 1.45, -0.125, -0.07499999999999996, -1.75, -1.2999999999999998]",-1.2999999999999998
OPTIEMUS,TRADING,3991.1400000000003,"[-0.75, -0.375, -0.375, 0.0, 0.0, 0.0]",0.0
ORCHPHARMA,PHARMACEUTICALS,4643.85,"[1.0, 0.7, 1.5, 0.95, -0.25, -0.44999999999999996]",-0.44999999999999996
ORIENTCEM,CEMENT,6602.479999999999,"[-0.25, -1.5, -1.0499999999999998, 0.25, 3.325, 0.7249999999999996]",0.7249999999999996
ORIENTELEC,DOMESTIC APPLIANCES,4305.69,"[-0.75, -0.375, 0.0, 0.0, 0.0, 0.0]",0.0
ORIENTHOT,HOTELS,2329.82,"[1.5, 1.0499999999999998, 0.75, 0.375, -1.125, -1.0499999999999998]",-1.0499999999999998
PAGEIND,TEXTILES,44940.67,"[1.0499999999999998, 0.75, 0.375, 0.375, 0.0, 0.0]",0.0
PAISALO,FINANCE & INVESTMENTS,3097.35,"[0.0, 0.0, 0.0, 0.0, 0.0, 0.0]",0.0
PARADEEP,FERTILIZERS,7137.18,"[-2.45, -1.7999999999999998, -1.25, 1.875, 1.375, 1.25]",1.25
PARKHOTELS,HOTELS,3073.63,"[0.6749999999999998, 0.75, -1.125, -0.6749999999999998, -0.75, -1.875]",-1.875
PATANJALI,SOLVENT EXTRACTION,59365.259999999995,"[3.3, 2.025, 1.75, 0.375, -1.35, -4.3]",-4.3
PATELENG,CONSTRUCTION,3537.9800000000005,"[0.0, 0.0, 0.0, 0.0, 0.0, 0.0]",0.0
PAYTM,MISCELLANEOUS,45602.78,"[0.7999999999999998, 3.25, 2.125, -0.875, -2.125, -3.825]",-3.825
PERSISTENT,COMPUTERS,81094.18,"[2.8, -0.4500000000000002, -2.875, -2.25, -2.0, -2.6]",-2.6
PETRONET,MISCELLANEOUS,42442.5,"[5.0, 3.6999999999999997, 3.375, -0.2999999999999998, 1.125, -1.4500000000000002]",-1.4500000000000002
PFIZER,PHARMACEUTICALS,18179.68,"[1.2, 0.275, 1.5, 1.1749999999999998, 0.625, 0.375]",0.375
PGEL,ELECTRONICS,21440.09,"[1.9249999999999998, 2.175, 0.125, 0.050000000000000044, -1.625, -2.8]",-2.8
PGHH,PERSONAL CARE,43718.28,"[0.2250000000000001, -1.6749999999999998, -0.9249999999999998, -1.0, 0.75, -0.8250000000000002]",-0.8250000000000002
PGHL,PHARMACEUTICALS,8501.77,"[2.25, -1.475, -1.4749999999999996, 2.15, 3.4499999999999997, -1.0750000000000002]",-1.0750000000000002
PGIL,TEXTILES,6185.86,"[0.125, -1.375, -2.55, -1.7999999999999998, -2.125, -2.45]",-2.45
PGINVIT,POWER GENERATION AND SUPPLY,7300.92,"[-1.35, 0.75, 0.5499999999999998, 0.625, 0.875, 0.725]",0.725
PHOENIXLTD,CONSTRUCTION,53839.58999999999,"[1.125, 0.2999999999999998, 0.525, -1.875, -2.65, -2.175]",-2.175
PICCADIL,BREWERIES & DISTILLERIES,5776.88,"[-0.5, 0.75, 0.7, 0.5, 0.25, 1.25]",1.25
PIDILITIND,CHEMICALS,135282.43,"[2.0, 1.375, -0.375, -1.9249999999999998, -1.1749999999999998, -1.125]",-1.125
PIIND,PESTICIDES / AGROCHEMICALS,45770.29,"[-0.17500000000000004, -0.22499999999999998, 0.0, 0.125, -1.125, -1.7]",-1.7
PILANIINVS,FINANCE & INVESTMENTS,4101.06,"[0.0, 0.0, 0.0, 0.0, 0.0, 0.0]",0.0
PITTIENG,ENGINEERING,3189.47,"[0.0, 0.375, 0.0, 0.0, 0.0, -1.5]",-1.5
PNCINFRA,CONSTRUCTION,6644.42,"[1.6749999999999998, 3.575, 2.625, 4.375, 2.625, -0.625]",-0.625
PNGJL,DIAMOND CUTTING / JEWELLERY,7176.229999999999,"[-0.9750000000000001, -1.775, -1.2999999999999998, -0.75, -0.25, -0.375]",-0.375
POKARNA,MISCELLANEOUS,3317.38,"[-0.375, 0.0, 0.0, 0.0, 0.0, 0.0]",0.0
POLICYBZR,COMPUTERS,66966.59,"[-0.875, 0.775, 0.2999999999999998, 0.275, 0.0, -1.25]",-1.25
POLYCAB,CABLES,70555.16,"[3.0, 4.8, 3.125, 2.25, -3.0, -2.175]",-2.175
POLYMED,HEALTHCARE,20633.49,"[1.4249999999999998, 0.875, 0.625, 1.375, -0.8, -1.5499999999999998]",-1.5499999999999998
POLYPLEX,PACKAGING,3387.62,"[1.0499999999999998, 0.75, 0.375, 0.375, 0.0, -1.5]",-1.5
POWERGRID,POWER GENERATION AND SUPPLY,230794.45,"[1.5750000000000002, 1.0499999999999998, -0.75, -2.55, -1.4249999999999998, -4.125]",-4.125
POWERINDIA,ELECTRIC EQUIPMENT,47791.29,"[0.625, 0.5249999999999999, 2.75, 1.9, 1.5, 0.5]",0.5
POWERMECH,ENGINEERING,5599.27,"[0.7, 0.5, 0.25, 0.25, -1.0, -0.7]",-0.7
PPLPHARMA,PHARMACEUTICALS,25421.18,"[5.05, 3.925, 2.375, 1.875, -0.1499999999999999, -3.8]",-3.8
PQIF,TRADING,3483.41,"[0.375, 0.375, -1.5, -2.55, -1.7999999999999998, -1.125]",-1.125
PRAJIND,ENGINEERING,8933.28,"[2.0, 1.7, 0.875, 0.875, -0.75, -2.2]",-2.2
PRAKASH,STEEL,2494.58,"[1.4249999999999998, 1.125, 0.375, 0.375, 0.0, 0.0]",0.0
PRECWIRE,MINING / MINERALS / METALS,2364.48,"[-0.375, -0.375, -1.5, -1.0499999999999998, -0.75, -0.375]",-0.375
PREMIERENE,ELECTRIC EQUIPMENT,39440.45,"[0.7999999999999998, -0.25, -1.825, -0.17499999999999982, -2.3, -2.525]",-2.525
PRESTIGE,CONSTRUCTION,47436.3,"[2.175, 1.7999999999999998, -2.25, -1.3499999999999996, -2.625, -1.7999999999999998]",-1.7999999999999998
PRICOLLTD,AUTO ANCILLARIES,4854.55,"[-1.0, -0.5, -0.25, -1.0, -0.7, -0.5]",-0.5
PRINCEPIPE,PLASTICS PRODUCTS,3020.51,"[-0.75, -0.375, -0.375, 0.0, 0.0, 0.0]",0.0
PRIVISCL,CHEMICALS,5752.8,"[0.44999999999999996, 0.5, 0.25, 0.25, -1.0, -0.7]",-0.7
PROTEAN,COMPUTERS,5261.49,"[0.44999999999999996, 0.5, 0.25, 0.25, -1.0, -0.7]",-0.7
PRSMJOHNSN,CEMENT,5723.23,"[0.7, 0.5, 0.25, 0.25, 0.0, -1.0]",-1.0
PRUDENT,FINANCE & INVESTMENTS,6941.83,"[-1.7999999999999998, -0.875, -0.375, -1.875, -1.0499999999999998, -2.25]",-2.25
PTC,TRADING,4036.0800000000004,"[0.0, 0.0, 0.0, 0.0, 0.0, 0.0]",0.0
PTCIL,CASTINGS & FORGINGS,15012.61,"[1.125, 1.0, 0.875, -0.875, 2.075, 1.0]",1.0
PVRINOX,ENTERTAINMENT / ELECTRONIC MEDIA SOFTWARE,8826.18,"[-0.30000000000000004, 1.75, 0.04999999999999982, -0.7, -3.825, -2.4749999999999996]",-2.4749999999999996
QUESS,DIVERSIFIED,8882.01,"[1.0, 2.05, 2.3, 2.475, -0.8, -2.25]",-2.25
RADICO,BREWERIES & DISTILLERIES,26859.560000000005,"[4.675, 3.175, 2.375, 1.375, 2.5, 1.0499999999999998]",1.0499999999999998
RAILTEL,TELECOMMUNICATIONS,9000.73,"[1.5, 1.25, 1.125, 0.975, -0.75, -2.075]",-2.075
RAIN,MISCELLANEOUS,4086.6400000000003,"[-0.375, 0.0, 0.0, 0.0, 0.0, 0.0]",0.0
RAINBOW,HEALTHCARE,12781.84,"[2.15, 1.6749999999999998, 1.875, 2.075, -0.2749999999999999, -2.05]",-2.05
RAJESHEXPO,DIAMOND CUTTING / JEWELLERY,4678.38,"[0.75, 0.7, -0.5, -0.44999999999999996, -0.25, -0.25]",-0.25
RALLIS,PESTICIDES / AGROCHEMICALS,4082.88,"[-0.375, 1.5, 1.0499999999999998, 0.75, 0.375, 0.375]",0.375
RAMCOCEM,CEMENT,19332.28,"[0.6749999999999998, 0.75, 0.0, 0.375, 0.0, -1.5]",-1.5
RAMKY,CONSTRUCTION,2941.92,"[-0.375, -0.375, -1.5, -1.0499999999999998, -0.75, -1.875]",-1.875
RATEGAIN,COMPUTERS,5760.62,"[-0.5, -0.25, -1.0, -0.7, -0.5, -0.25]",-0.25
RATNAMANI,STEEL,16687.86,"[4.15, 3.0, 1.75, 3.125, 2.025, 0.0]",0.0
RAYMOND,CONSTRUCTION,8681.23,"[1.7, 1.2999999999999998, 1.0, 0.625, 0.375, -2.5]",-2.5
REDINGTON,TRADING,17660.25,"[1.2249999999999996, 1.5, 0.725, -1.5, -1.125, -4.775]",-4.775
REDTAPE,TRADING,8035.06,"[1.825, 1.1749999999999998, 1.0, 0.625, -2.125, -2.75]",-2.75
RELAXO,LEATHER / LEATHER PRODUCTS,10713.08,"[-0.55, -0.22499999999999998, 0.0, 4.125, 3.675, 1.2000000000000002]",1.2000000000000002
RELIANCE,REFINERIES,1633357.03,"[1.375, 1.0499999999999998, -2.25, -1.7249999999999996, -1.125, -0.75]",-0.75
RELIGARE,FINANCE & INVESTMENTS,7151.05,"[-1.875, 3.25, 2.05, 2.0, -2.0, -3.5999999999999996]",-3.5999999999999996
RELINFRA,ENGINEERING,8419.76,"[0.125, -2.325, -2.8499999999999996, -2.175, -2.625, -2.175]",-2.175
RESPONIND,PLASTICS PRODUCTS,5148.24,"[0.7, 0.75, -0.75, -0.44999999999999996, -0.5, -0.25]",-0.25
RHIM,REFRACTORIES / INTERMEDIATES,8057.69,"[0.575, 3.45, 2.4749999999999996, 1.5, 1.65, 2.2]",2.2
RITES,MISCELLANEOUS,9859.56,"[3.25, 2.55, 1.375, 2.0, 1.075, -0.5]",-0.5
RKFORGE,CASTINGS & FORGINGS,11584.95,"[2.325, 3.25, 1.9249999999999998, 1.0, -2.125, -3.875]",-3.875
ROLEXRINGS,CASTINGS & FORGINGS,3738.9,"[0.0, 0.0, 0.0, 0.0, 0.0, -1.5]",-1.5
ROSSARI,CHEMICALS,3268.1,"[0.0, 0.0, 0.0, 0.0, 0.0, -1.5]",-1.5
RPGLIFE,PHARMACEUTICALS,3425.12,"[0.6749999999999998, 0.75, -1.125, -0.6749999999999998, -0.75, -1.875]",-1.875
RPOWER,POWER GENERATION AND SUPPLY,13368.49,"[0.4249999999999998, -0.75, -0.6749999999999998, -0.375, -1.375, -1.075]",-1.075
RPSGVENT,COMPUTERS,2590.53,"[-0.375, -1.5, -1.0499999999999998, -0.75, -0.375, -1.875]",-1.875
RRKABEL,CABLES,9923.43,"[1.75, 1.25, 0.625, 0.625, -3.0, -2.0999999999999996]",-2.0999999999999996
RSYSTEMS,COMPUTERS,3751.72,"[-0.375, 0.0, 0.0, 0.0, -1.5, -1.0499999999999998]",-1.0499999999999998
RTNINDIA,MISCELLANEOUS,5707.41,"[-0.25, 0.0, 0.0, 0.0, -1.0, -0.7]",-0.7
RTNPOWER,POWER GENERATION AND SUPPLY,4811.62,"[0.44999999999999996, 0.5, 0.25, 0.25, 0.0, -1.0]",-1.0
RUSTOMJEE,CONSTRUCTION,6231.39,"[-0.17500000000000004, 2.75, 1.9749999999999996, 1.75, 0.75, 0.75]",0.75
RVNL,CONSTRUCTION,69681.46,"[1.7249999999999996, 1.125, 0.75, 0.75, -1.5, -2.55]",-2.55
SAFARI,MOULDED LUGGAGE,10432.62,"[3.925, 2.8, 3.0, 2.075, 1.5, 0.25]",0.25
SAGCEM,CEMENT,2326.62,"[2.55, 1.7999999999999998, 1.125, -0.75, -0.6749999999999998, -0.75]",-0.75
SAGILITY-BE,MISCELLANEOUS,20335.66,"[0.5499999999999998, -0.25, -0.32499999999999996, -0.125, -1.25, -0.95]",-0.95
SAIL,STEEL,42296.52,"[3.05, 4.6, 3.25, 0.875, -1.1749999999999998, -1.1749999999999998]",-1.1749999999999998
SAILIFE,MISCELLANEOUS,14312.780000000002,"[2.25, 2.25, 0.6000000000000001, 0.17500000000000004, -0.75, -2.325]",-2.325
SANDUMA,MINING / MINERALS / METALS,6182.45,"[2.375, 2.1, 0.625, 0.125, -2.875, -3.0999999999999996]",-3.0999999999999996
SANOFI,PHARMACEUTICALS,11768.06,"[-2.625, -2.925, -2.175, -1.125, -1.75, 1.925]",1.925
SANSERA,AUTO ANCILLARIES,6826.57,"[2.55, 1.7999999999999998, 0.625, 0.4, -0.875, -3.325]",-3.325
SAPPHIRE,HOTELS,9803.15,"[3.05, 2.325, 1.6, 1.875, -0.42500000000000004, -1.9249999999999998]",-1.9249999999999998
SARDAEN,STEEL,15606.959999999997,"[3.3, 2.175, 1.125, -0.75, -3.675, -2.8499999999999996]",-2.8499999999999996
SAREGAMA,ENTERTAINMENT / ELECTRONIC MEDIA SOFTWARE,8699.9,"[0.95, 1.1749999999999998, 0.75, 0.625, -1.125, -2.05]",-2.05
SBCL,MINING / MINERALS / METALS,2337.06,"[1.4249999999999998, -0.75, -0.6749999999999998, -0.375, -1.875, -2.925]",-2.925
SBFC,FINANCE & INVESTMENTS,9317.23,"[3.55, 3.5999999999999996, 2.2, 1.275, 0.75, 0.125]",0.125
SBILIFE,FINANCE & INVESTMENTS,142712.51,"[0.825, 2.5, 1.65, -0.25, -0.5499999999999998, -1.75]",-1.75
SCHAEFFLER,BEARINGS,47778.94,"[3.05, 4.675, 2.25, 1.3, -1.0, -1.1749999999999998]",-1.1749999999999998
SCHNEIDER,ELECTRIC EQUIPMENT,14609.040000000003,"[0.75, 1.1749999999999998, 2.6, 1.6749999999999998, 1.25, -1.0]",-1.0
SCI,SHIPPING,6791.4,"[2.55, 1.6749999999999998, 0.775, 0.5, -0.75, -3.325]",-3.325
SEAMECLTD,MISCELLANEOUS,2381.69,"[0.0, 0.0, 0.0, 0.0, 0.0, 0.0]",0.0
SEQUENT,PHARMACEUTICALS,3721.97,"[1.5, 1.0499999999999998, 0.75, 0.375, 0.375, 0.0]",0.0
SHAILY-BE,PLASTICS PRODUCTS,6778.0,"[0.17499999999999982, -0.625, 0.925, 3.425, 2.25, -1.125]",-1.125
SHAKTIPUMP,PUMPS,9569.98,"[1.125, 3.75, 2.375, 1.875, -1.875, -3.625]",-3.625
SHANTIGEAR,ENGINEERING,3193.67,"[0.2999999999999998, 0.375, -1.5, -0.6749999999999998, -0.75, -0.375]",-0.375
SHARDACROP,PESTICIDES / AGROCHEMICALS,4411.35,"[-1.125, -1.875, -1.4249999999999998, -0.75, -0.375, -1.875]",-1.875
SHARDAMOTR,AUTO ANCILLARIES,4681.7,"[0.0, 0.0, 0.0, 0.0, 0.0, 0.0]",0.0
SHILPAMED,PHARMACEUTICALS,5938.81,"[2.4749999999999996, 1.875, -0.25, 0.050000000000000044, -2.0, -2.3]",-2.3
SHREECEM,CEMENT,98539.77,"[0.375, -1.0, -1.7, -2.7, -0.2999999999999998, -1.7000000000000002]",-1.7000000000000002
SHRIPISTON,AUTO ANCILLARIES,7932.289999999999,"[1.5749999999999997, 0.25, -1.6749999999999998, -1.9249999999999998, -2.825, -3.45]",-3.45
SHYAMMETL,STEEL,19868.61,"[-0.44999999999999996, 1.0, 1.0499999999999998, -0.5, -0.32499999999999996, -0.125]",-0.125
SIEMENS,ELECTRIC EQUIPMENT,164990.67,"[2.175, -0.07500000000000018, -0.4249999999999998, -0.35, -3.25, -2.5999999999999996]",-2.5999999999999996
SIS,MISCELLANEOUS,4354.34,"[0.375, 0.375, 0.0, 0.0, 0.0, 0.0]",0.0
SIYSIL,TEXTILES,2701.83,"[1.0499999999999998, 0.75, 0.375, 0.375, -1.5, -1.0499999999999998]",-1.0499999999999998
SJVN,MISCELLANEOUS,33155.64,"[2.25, 1.75, -0.25, -1.9249999999999998, -3.675, -2.875]",-2.875
SKFINDIA,BEARINGS,18042.64,"[2.425, 1.725, 0.125, 0.15000000000000002, -1.625, -0.17499999999999982]",-0.17499999999999982
SKIPPER,ENGINEERING,4254.64,"[-1.5, -0.75, -0.375, 0.0, -1.5, -1.0499999999999998]",-1.0499999999999998
SKYGOLD-BE,DIAMOND CUTTING / JEWELLERY,4659.21,"[-0.7, -0.5, -0.25, -0.25, 0.0, -1.0]",-1.0
SOBHA,CONSTRUCTION,12697.05,"[1.2, 0.5, 0.625, 0.25, 1.5, -0.4500000000000002]",-0.4500000000000002
SOLARINDS,CHEMICALS,77595.22,"[1.825, 1.1749999999999998, 1.0, 1.625, 0.07499999999999996, -1.7]",-1.7
SONACOMS,AUTO ANCILLARIES,30358.55,"[2.3, 1.7999999999999998, 0.0, 0.20000000000000018, -1.025, -3.325]",-3.325
SONATSOFTW,COMPUTERS,10098.14,"[3.875, 1.5, 0.8250000000000002, -0.5, -1.45, -4.075]",-4.075
SOTL,PETROCHEMICALS,2663.12,"[-0.75, -0.375, -1.875, -1.0499999999999998, -0.75, -0.375]",-0.375
SPLPETRO,PETROCHEMICALS,10229.44,"[-1.375, 0.125, -0.8, -0.19999999999999996, -0.25, -1.0]",-1.0
SRF,CHEMICALS,82592.91,"[0.5, 0.7, 0.5, 0.25, 2.75, 1.75]",1.75
STAR,PHARMACEUTICALS,5673.48,"[-0.5, -0.25, 0.0, 0.0, 0.0, -1.0]",-1.0
STARCEMENT,CEMENT,8184.68,"[1.625, -1.5, 1.375, 0.5, -1.875, -1.75]",-1.75
STARHEALTH,FINANCE & INVESTMENTS,22073.19,"[0.6749999999999998, -0.85, -2.55, -1.5499999999999998, -0.75, 3.6]",3.6
STOVEKRAFT,DOMESTIC APPLIANCES,2359.95,"[2.175, 3.3, 2.175, 1.5, 0.75, -1.125]",-1.125
STYLAMIND,MISCELLANEOUS,2677.76,"[0.6749999999999998, 0.75, 0.375, -1.125, -1.0499999999999998, -0.75]",-0.75
STYRENIX,PETROCHEMICALS,4010.71,"[-0.375, 0.0, 0.0, 0.0, 0.0, -1.5]",-1.5
SUBROS,AUTO ANCILLARIES,3712.28,"[-0.75, 1.125, 1.0499999999999998, 0.75, 0.375, -1.125]",-1.125
SUDARSCHEM,DYES AND PIGMENTS,6478.34,"[-1.625, 0.3250000000000002, 2.05, 1.4249999999999998, -0.75, -1.7999999999999998]",-1.7999999999999998
SUMICHEM,PESTICIDES / AGROCHEMICALS,22863.42,"[3.075, 4.75, 0.75, -1.125, -1.0499999999999998, -1.75]",-1.75
SUNDARMHLD,FINANCE & INVESTMENTS,5433.76,"[0.0, 0.0, 0.0, 0.0, 0.0, -1.0]",-1.0
SUNDRMFAST,AUTO ANCILLARIES,19645.94,"[1.7, -0.20000000000000018, -1.7999999999999998, 1.8250000000000002, -0.15000000000000036, -1.7999999999999998]",-1.7999999999999998
SUNFLAG-BE,STEEL,3784.6099999999997,"[0.0, 0.0, 0.0, 0.0, 0.0, -1.5]",-1.5
SUNPHARMA,PHARMACEUTICALS,387000.76,"[-1.6749999999999998, -2.125, -2.3, -2.975, -1.6749999999999998, -1.25]",-1.25
SUNTECK,CONSTRUCTION,5285.3,"[-0.25, 0.0, 0.0, 0.0, 0.0, 0.0]",0.0
SUNTV,ENTERTAINMENT / ELECTRONIC MEDIA SOFTWARE,22167.23,"[0.625, 0.825, 2.875, 5.0, 0.5999999999999996, -1.4749999999999996]",-1.4749999999999996
SUPRAJIT,AUTO ANCILLARIES,5423.69,"[0.25, 0.25, 0.0, 0.0, 0.0, 0.0]",0.0
SUPREMEIND,PLASTICS PRODUCTS,42747.02,"[1.325, -0.20000000000000018, 1.9500000000000002, -1.225, -1.75, -1.825]",-1.825
SUPRIYA,PHARMACEUTICALS,4807.62,"[-0.25, -1.0, -0.7, -0.5, -0.25, -1.25]",-1.25
SURYAROSNI,STEEL,4690.04,"[-0.25, 0.0, 0.0, 0.0, 0.0, -1.0]",-1.0
SUVENPHAR,PHARMACEUTICALS,29274.97,"[4.35, 3.3, 1.5, 1.125, -2.625, -2.0999999999999996]",-2.0999999999999996
SUZLON,ELECTRIC EQUIPMENT,67487.55,"[3.5, 2.55, 3.125, 2.05, -1.375, -2.875]",-2.875
SWANENERGY,DIVERSIFIED,12569.71,"[2.5, 0.6749999999999998, -0.04999999999999982, 1.25, -0.30000000000000004, -1.575]",-1.575
SWARAJENG,ENGINES,3170.5,"[-1.125, -0.375, -0.375, 0.0, 0.0, 0.0]",0.0
SWIGGY,MISCELLANEOUS,75627.71,"[2.925, -0.8250000000000002, -0.5999999999999996, -0.75, -0.375, -3.25]",-3.25
SWSOLAR,ENGINEERING,5854.91,"[1.45, 1.2, -0.25, -0.19999999999999996, -0.25, -0.25]",-0.25
SYMPHONY,DOMESTIC APPLIANCES,7258.07,"[1.475, 0.2999999999999998, 1.175, 0.7, -0.375, -3.2]",-3.2
SYNGENE,MISCELLANEOUS,26275.659999999996,"[2.7, 1.5499999999999998, -1.6, -1.375, -2.5, -1.7999999999999998]",-1.7999999999999998
TAJGVK,HOTELS,2768.31,"[1.0499999999999998, 0.75, 0.375, 1.875, 1.0499999999999998, 0.75]",0.75
TANLA,COMPUTERS,5860.54,"[-0.25, -0.25, 0.0, 0.0, -1.0, -1.7]",-1.7
TARC,CONSTRUCTION,3498.3200000000006,"[-0.75, -0.375, 0.0, 0.0, -1.5, -1.0499999999999998]",-1.0499999999999998
TARIL,ELECTRIC EQUIPMENT,11715.54,"[0.0, 2.925, 3.4749999999999996, 2.575, 0.125, -1.5499999999999998]",-1.5499999999999998
TATACHEM,CHEMICALS,19624.13,"[3.0, 2.25, 1.5, -0.375, -2.575, -2.25]",-2.25
TATACONSUM,TEA,95851.92,"[-3.125, -2.0999999999999996, -1.5, -0.75, -0.75, -1.0]",-1.0
TATAELXSI,COMPUTERS,33459.1,"[-0.7, -2.0, -2.3, -2.7, -2.575, -2.825]",-2.825
TATAINVEST,FINANCE & INVESTMENTS,29066.73,"[2.925, 2.0, 1.25, 2.5, 1.0499999999999998, 2.25]",2.25
TATAMOTORS,AUTOMOBILES,231620.51,"[0.375, -0.625, -2.2, -1.5499999999999998, -2.0, -2.325]",-2.325
TATAPOWER,POWER GENERATION AND SUPPLY,107746.91,"[4.425, 3.9499999999999997, 2.475, 1.5, -2.0, -1.9749999999999996]",-1.9749999999999996
TATATECH,COMPUTERS,27092.6,"[3.25, 2.0999999999999996, 0.25, -0.2999999999999998, -3.0, -3.9749999999999996]",-3.9749999999999996
TBOTEK,TRAVEL AGENCIES,13741.77,"[-0.25, 0.25, 0.35, -1.25, -1.9249999999999998, -1.325]",-1.325
TCIEXP,MISCELLANEOUS,2464.39,"[0.2999999999999998, 0.375, 0.0, 0.375, -1.5, -1.0499999999999998]",-1.0499999999999998
TCS,COMPUTERS,1261229.08,"[-1.0499999999999998, 0.25, -1.175, -2.425, -1.5499999999999998, -1.875]",-1.875
TDPOWERSYS,ELECTRIC EQUIPMENT,4751.07,"[0.7, 0.5, 0.25, 0.25, -1.0, -0.7]",-0.7
TEAMLEASE,MISCELLANEOUS,3097.38,"[0.0, 0.0, 0.0, 0.0, 0.0, 0.0]",0.0
TECHM,COMPUTERS,146815.54,"[-1.625, -1.125, -1.625, -1.825, -1.975, -2.35]",-2.35
TECHNOE,ENGINEERING,10710.04,"[-0.07500000000000018, 1.875, 1.0499999999999998, -1.375, -0.375, -1.175]",-1.175
TEGA,ENGINEERING,8550.78,"[0.925, 1.7999999999999998, 1.45, -2.375, -1.4749999999999996, 0.25]",0.25
TEJASNET,TELECOMMUNICATIONS,12483.09,"[1.625, 1.75, -0.875, 0.5750000000000002, -1.55, -0.9249999999999998]",-0.9249999999999998
TEXRAIL,ENGINEERING,5187.07,"[0.44999999999999996, -0.5, -0.44999999999999996, -0.25, -0.25, -1.25]",-1.25
THANGAMAYL,DIAMOND CUTTING / JEWELLERY,5870.17,"[0.0, 0.0, -1.0, 0.30000000000000004, 1.2, 0.95]",0.95
THERMAX,ELECTRIC EQUIPMENT,37632.0,"[2.5, 1.5499999999999998, 0.0, -3.675, -2.4749999999999996, -2.875]",-2.875
THOMASCOOK,TRAVEL AGENCIES,5808.48,"[0.25, 0.19999999999999996, 0.25, 0.25, 0.25, 0.0]",0.0
THYROCARE,HEALTHCARE,3604.62,"[-0.75, -0.375, -0.375, 0.0, 0.0, -1.5]",-1.5
TI,BREWERIES & DISTILLERIES,4172.82,"[-0.75, -1.875, -1.4249999999999998, -0.75, -0.375, -1.875]",-1.875
TIIL,STEEL,5676.36,"[0.0, 0.0, 0.0, 0.0, -1.0, -0.7]",-0.7
TIINDIA,STEEL,47292.49,"[3.05, 2.425, 0.875, 0.4, -0.875, -3.825]",-3.825
TIMETECHNO,PLASTICS PRODUCTS,8044.640000000001,"[0.925, 0.625, 0.5, -1.25, -2.2, -1.5499999999999998]",-1.5499999999999998
TIMKEN,BEARINGS,18502.69,"[0.125, -0.025000000000000022, -1.25, 2.075, 1.4749999999999996, 1.125]",1.125
TIPSMUSIC,ENTERTAINMENT / ELECTRONIC MEDIA SOFTWARE,7313.839999999999,"[1.9249999999999998, 1.1749999999999998, -1.375, -3.5, -3.625, -3.075]",-3.075
TITAGARH,ENGINEERING,9403.68,"[2.925, 1.25, 0.55, 1.5, -0.55, -2.95]",-2.95
TORNTPHARM,PHARMACEUTICALS,99457.87,"[1.375, 1.25, -0.875, 1.0750000000000002, -1.2000000000000002, -0.6749999999999998]",-0.6749999999999998
TORNTPOWER,POWER GENERATION AND SUPPLY,63151.73,"[1.0499999999999998, 0.975, 2.0, 3.05, 1.9249999999999998, -1.875]",-1.875
TRENT,TRADING,170401.12,"[2.375, 0.625, 0.55, -0.875, -2.825, -2.5]",-2.5
TRITURBINE,ELECTRIC EQUIPMENT,15623.64,"[2.625, 4.425, 1.7249999999999996, 0.8250000000000002, -2.625, -3.2249999999999996]",-3.2249999999999996
TRIVENI,SUGAR,7426.089999999999,"[2.125, 1.4249999999999998, 1.75, -0.42500000000000004, -1.6749999999999998, -1.5499999999999998]",-1.5499999999999998
TTKPRESTIG,DOMESTIC APPLIANCES,8732.88,"[1.9249999999999998, 2.0, 0.725, -2.375, -1.9749999999999996, -2.875]",-2.875
TVSMOTOR,AUTOMOBILES,105481.15,"[0.44999999999999996, -0.5, -0.44999999999999996, -0.75, -1.1, -0.85]",-0.85
TVSSCS,MISCELLANEOUS,6070.42,"[2.3, 1.5499999999999998, 3.0, 1.7999999999999998, 0.625, -1.475]",-1.475
UBL,BREWERIES & DISTILLERIES,51331.63,"[0.725, 0.25, 2.125, 2.025, -0.1499999999999999, -0.2999999999999998]",-0.2999999999999998
UFLEX,PACKAGING,3249.53,"[0.375, 0.375, 0.0, 0.0, 0.0, 0.0]",0.0
ULTRACEMCO,CEMENT,292694.43,"[-2.25, -2.45, -2.175, -1.0, -3.625, -2.4749999999999996]",-2.4749999999999996
UNICHEMLAB,PHARMACEUTICALS,4336.66,"[1.0499999999999998, 0.75, -1.125, -0.6749999999999998, -0.75, -0.375]",-0.375
UNITDSPR,BREWERIES & DISTILLERIES,94075.55,"[0.5, -0.55, 1.3, 0.7999999999999998, 0.75, -1.375]",-1.375
UNOMINDA,AUTO ANCILLARIES,47362.87,"[0.75, 0.6749999999999998, 0.75, 0.375, -1.125, -1.0499999999999998]",-1.0499999999999998
UPL,PESTICIDES / AGROCHEMICALS,47138.12,"[1.825, 0.04999999999999982, -0.04999999999999982, -0.125, 0.0, -1.875]",-1.875
USHAMART,STEEL,8848.2,"[0.5, 2.3, 2.55, 0.6749999999999998, 0.9500000000000002, 0.35]",0.35
UTIAMC,FINANCE & INVESTMENTS,12076.81,"[0.9249999999999998, 0.0, 0.925, 0.575, 2.25, -0.10000000000000009]",-0.10000000000000009
VAIBHAVGBL,DIAMOND CUTTING / JEWELLERY,3584.55,"[-1.125, -0.375, -0.375, 0.0, -1.5, -2.55]",-2.55
VARROC,AUTO ANCILLARIES,6443.02,"[1.2, 0.95, 0.75, 2.0, 0.2999999999999998, -1.45]",-1.45
VBL,FOOD,149879.65,"[-0.125, 1.7000000000000002, 3.925, 3.0999999999999996, -1.5, -0.9749999999999996]",-0.9749999999999996
VEEDOL,CHEMICALS,2535.11,"[1.0499999999999998, 0.75, 0.375, 0.375, 0.0, 0.0]",0.0
VENUSPIPES,STEEL,2709.19,"[-0.75, 1.125, 0.6749999999999998, 0.75, 0.375, 0.375]",0.375
VESUVIUS,REFRACTORIES / INTERMEDIATES,8239.58,"[-0.2999999999999998, 0.17499999999999982, 3.25, 3.5999999999999996, 5.925, 3.5999999999999996]",3.5999999999999996
VGUARD,ELECTRIC EQUIPMENT,13302.88,"[-0.30000000000000004, 2.9, 1.8499999999999996, 0.125, -0.4249999999999998, 0.0]",0.0
VIJAYA,HEALTHCARE,9430.79,"[-0.17500000000000004, 3.875, 2.8, 5.25, 3.0999999999999996, 1.0]",1.0
VINATIORGA,CHEMICALS,15808.01,"[-1.25, -1.25, -2.075, -1.2, -0.25, -0.15000000000000002]",-0.15000000000000002
VISHNU,CHEMICALS,2667.01,"[0.375, 0.375, 0.0, 0.0, -1.5, -1.0499999999999998]",-1.0499999999999998
VMM,TRADING,45174.23,"[-1.0, -1.875, -1.4249999999999998, 0.75, 0.6749999999999998, 0.375]",0.375
VOLTAMP,ELECTRIC EQUIPMENT,6310.91,"[1.4, 1.2249999999999996, 4.0, 2.7249999999999996, 0.75, -1.7999999999999998]",-1.7999999999999998
VOLTAS,AIR-CONDITIONERS,42981.93,"[1.5, 1.25, 0.625, 0.625, 2.5, 1.75]",1.75
VRLLOG,MISCELLANEOUS,3904.1699999999996,"[0.0, 0.0, 0.0, 0.0, 0.0, 0.0]",0.0
VSTIND,CIGARETTES,4350.95,"[-1.5, -2.55, -1.7999999999999998, -1.125, -0.75, -1.875]",-1.875
WAAREEENER,ELECTRIC EQUIPMENT,61458.41000000001,"[4.45, 3.2249999999999996, 2.125, 1.0, -2.25, -3.5999999999999996]",-3.5999999999999996
WAAREERTL,ENGINEERING,8249.54,"[1.2999999999999998, 1.0, -0.375, -1.325, -3.7, -2.5]",-2.5
WABAG,ENGINEERING,7916.219999999999,"[0.5, 3.425, 2.8499999999999996, 1.875, -1.375, -2.0]",-2.0
WEBELSOLAR-BE,ELECTRIC EQUIPMENT,4057.91,"[1.0499999999999998, 0.75, 0.375, 0.375, -1.5, -2.55]",-2.55
WELCORP,STEEL,19100.32,"[1.875, 3.2249999999999996, 2.8, 1.85, 1.375, -2.5]",-2.5
WELENT,CONSTRUCTION,5602.96,"[-0.75, -0.25, -1.25, -0.7, -0.5, -0.25]",-0.25
WELSPUNLIV,TEXTILES,10247.73,"[2.3499999999999996, 0.5, -0.2999999999999998, 1.0, -1.175, -1.9249999999999998]",-1.9249999999999998
WHIRLPOOL,DOMESTIC APPLIANCES,11609.43,"[0.375, 0.125, -0.09999999999999998, 2.375, 1.275, -0.125]",-0.125
WIPRO,COMPUTERS,292888.24,"[1.5499999999999998, -1.5, -3.125, -2.775, -0.9750000000000001, -0.675]",-0.675
WOCKPHARMA,PHARMACEUTICALS,18027.91,"[-0.35, -0.875, -1.825, -1.325, -1.75, -2.7]",-2.7
WONDERLA,RECREATION / AMUSEMENT PARKS,3906.28,"[-1.125, -0.75, -0.375, 0.0, -1.5, -1.0499999999999998]",-1.0499999999999998
WPIL,ENGINEERING,3564.05,"[-0.75, -0.375, -0.375, 0.0, -1.5, -1.0499999999999998]",-1.0499999999999998
WSTCSTPAPR,PAPER,2610.01,"[-2.625, -1.7999999999999998, -1.125, -0.375, -0.375, 0.0]",0.0
XPROINDIA,PACKAGING,2340.43,"[-0.75, -0.375, -0.375, 0.0, -1.5, -1.0499999999999998]",-1.0499999999999998
YATHARTH,HEALTHCARE,3447.09,"[-1.125, -0.375, -0.375, 0.0, 0.0, -1.5]",-1.5
ZAGGLE,COMPUTERS,4504.54,"[0.7, 0.5, 0.25, 0.25, 0.0, -1.0]",-1.0
ZEEL,ENTERTAINMENT / ELECTRONIC MEDIA SOFTWARE,9009.7,"[1.75, 0.25, -0.95, 0.30000000000000004, 0.2999999999999998, -1.25]",-1.25
ZENSARTECH,COMPUTERS,16922.21,"[-1.0, -2.25, -2.3, -0.44999999999999996, -0.17500000000000004, -1.125]",-1.125
ZENTEC,MISCELLANEOUS,9244.84,"[1.7, 3.0, 3.175, 3.325, 5.7, 2.0749999999999997]",2.0749999999999997
ZFCVINDIA,AUTO ANCILLARIES,20476.71,"[0.75, 0.8999999999999999, 1.0, 2.35, 1.7999999999999998, -0.125]",-0.125
ZOMATO,MISCELLANEOUS,213272.82,"[3.3499999999999996, 1.125, -0.32499999999999996, 0.55, -0.050000000000000044, -1.5]",-1.5
ZYDUSLIFE,PHARMACEUTICALS,88000.18,"[-1.2999999999999998, -2.25, -1.4249999999999998, -1.625, -0.22499999999999998, -0.275]",-0.275
ZYDUSWELL,FOOD,9922.77,"[0.9249999999999998, 2.25, -1.0750000000000002, 0.875, -2.325, -1.25]",-1.25
